iter	Logloss
0	0.6929109472
1	0.6927182934
2	0.6924174498
3	0.6922431071
4	0.6913138935
5	0.6911133602
6	0.6902039891
7	0.689260473
8	0.6883598561
9	0.6882339431
10	0.6879580663
11	0.6869758161
12	0.6868406363
13	0.6860532623
14	0.6859152365
15	0.6857360412
16	0.6849372182
17	0.6841578779
18	0.6839921122
19	0.6838681915
20	0.683070257
21	0.6820982298
22	0.6820117641
23	0.681924891
24	0.6810576992
25	0.6808513496
26	0.6807432038
27	0.6799365363
28	0.679099935
29	0.6783016077
30	0.6782039204
31	0.6775516434
32	0.676906266
33	0.6761754348
34	0.675414158
35	0.6753158624
36	0.6745850413
37	0.6745048562
38	0.6737921498
39	0.6737301618
40	0.6736569452
41	0.6735297922
42	0.6734441878
43	0.6728693038
44	0.6727963558
45	0.6721400383
46	0.6714721122
47	0.6713919768
48	0.670831371
49	0.6707345278
50	0.670664956
51	0.6706101762
52	0.6705381149
53	0.6704660014
54	0.6703847111
55	0.6698304317
56	0.6697760212
57	0.6696943754
58	0.6696301381
59	0.6689830602
60	0.6689089241
61	0.6688163809
62	0.6687130134
63	0.6686562382
64	0.6686047645
65	0.6680100074
66	0.667955667
67	0.6679059293
68	0.6673198481
69	0.6672697976
70	0.6672140236
71	0.6671588029
72	0.6670924712
73	0.6669913964
74	0.6669001097
75	0.6663112448
76	0.6662653651
77	0.6662069471
78	0.6661615216
79	0.6660774768
80	0.6660221886
81	0.6659726433
82	0.6659319522
83	0.6658248934
84	0.6653024003
85	0.6652496878
86	0.6652070246
87	0.6651538504
88	0.6649371256
89	0.6648925375
90	0.6648502798
91	0.6648036627
92	0.6646978223
93	0.6646402849
94	0.6645949418
95	0.6645505391
96	0.6644907427
97	0.664439255
98	0.6643960556
99	0.6643481159
100	0.6642881365
101	0.6642038573
102	0.6641534573
103	0.6639713336
104	0.6639012382
105	0.6638487836
106	0.6638017559
107	0.6637565497
108	0.6637080962
109	0.6636387284
110	0.6635783451
111	0.6634711854
112	0.6634258349
113	0.6633779449
114	0.6633298153
115	0.6632851201
116	0.6632506825
117	0.6632132272
118	0.6630341157
119	0.6625150909
120	0.6624744663
121	0.662426631
122	0.6623748719
123	0.6623183595
124	0.6622758458
125	0.6622359238
126	0.6621696838
127	0.6621236446
128	0.6615548989
129	0.6615119739
130	0.6614575243
131	0.6614124204
132	0.6613808206
133	0.6613135323
134	0.6612690389
135	0.6610857904
136	0.6610444707
137	0.6608657792
138	0.6608324125
139	0.6607985139
140	0.6607389003
141	0.6606895856
142	0.6606547896
143	0.6606203885
144	0.6605814024
145	0.6604189699
146	0.6603775385
147	0.6603294051
148	0.6602933917
149	0.6602381977
150	0.6601818721
151	0.6601432898
152	0.6601107289
153	0.6600375535
154	0.6600032184
155	0.659970013
156	0.659931199
157	0.6598978427
158	0.6598271134
159	0.6597923237
160	0.6597572361
161	0.6597280735
162	0.659694758
163	0.6596553027
164	0.6595941101
165	0.6595640455
166	0.6595184958
167	0.6593401597
168	0.6593024112
169	0.6592628751
170	0.6591755061
171	0.6591364092
172	0.6591026573
173	0.6590101958
174	0.6589753596
175	0.658941282
176	0.6589059053
177	0.6588606705
178	0.6588257364
179	0.6587811471
180	0.6583374308
181	0.6582945488
182	0.6582651924
183	0.6582234497
184	0.6581784071
185	0.6581360877
186	0.6581005243
187	0.6580607789
188	0.657987052
189	0.6579563822
190	0.6574401901
191	0.6574079394
192	0.6573640983
193	0.6573352636
194	0.6573005663
195	0.6572098484
196	0.6571740246
197	0.6569890067
198	0.6569513829
199	0.6569199136
200	0.6567358633
201	0.6567111707
202	0.6566782827
203	0.6566494053
204	0.6566256915
205	0.6565869734
206	0.6565564726
207	0.6564961473
208	0.6564536849
209	0.6564217964
210	0.6563807822
211	0.6563554865
212	0.656316372
213	0.6562873309
214	0.6562358031
215	0.6562071269
216	0.6561773484
217	0.6561489429
218	0.6560751694
219	0.6560232546
220	0.6559933055
221	0.6559511229
222	0.6559198145
223	0.6558732365
224	0.6558458914
225	0.6558140972
226	0.6557849873
227	0.6557471761
228	0.655671899
229	0.6556435474
230	0.6556186952
231	0.6555911302
232	0.6555700793
233	0.6555444761
234	0.6555069212
235	0.6554713427
236	0.6554302741
237	0.6548485611
238	0.6543215238
239	0.65428494
240	0.6542566457
241	0.6540861252
242	0.6539187025
243	0.6538825062
244	0.6538593301
245	0.6538190151
246	0.6537879911
247	0.6537627091
248	0.6533816671
249	0.6532164213
250	0.6527555961
251	0.652724647
252	0.6526922273
253	0.6526656522
254	0.6526340149
255	0.6526040385
256	0.6525735573
257	0.6525484343
258	0.6525097761
259	0.6524525666
260	0.6524244941
261	0.6523988694
262	0.652367947
263	0.6519700835
264	0.6519443215
265	0.6519177854
266	0.6518485742
267	0.6518187
268	0.6517926212
269	0.6517523023
270	0.6517354813
271	0.6513064977
272	0.6512877526
273	0.6512459512
274	0.6512183177
275	0.6508239114
276	0.6507743662
277	0.6507525751
278	0.6507191579
279	0.6506615541
280	0.6506340404
281	0.6506157943
282	0.6505870568
283	0.6505637214
284	0.6505426248
285	0.6505190033
286	0.6503534537
287	0.6503289092
288	0.6502892029
289	0.6497726899
290	0.649747994
291	0.6497137046
292	0.6496837858
293	0.6496629073
294	0.6496386956
295	0.6496140688
296	0.6495901927
297	0.6495588163
298	0.6495076281
299	0.6494354116
300	0.6493777469
301	0.649351965
302	0.6493217587
303	0.6492945952
304	0.6491535496
305	0.6490917039
306	0.6490662304
307	0.6490428613
308	0.6488859803
309	0.6488588365
310	0.6482768446
311	0.6482470931
312	0.6478487812
313	0.6478297012
314	0.6478118296
315	0.6477909188
316	0.6477610654
317	0.6477377358
318	0.6477099539
319	0.6476287005
320	0.6476049814
321	0.6475777051
322	0.6471466696
323	0.6471255845
324	0.6471035105
325	0.6470787484
326	0.6470584781
327	0.6470322558
328	0.6470043014
329	0.6469724332
330	0.6469457096
331	0.6469225903
332	0.6468792389
333	0.6467235013
334	0.6467062826
335	0.6466804729
336	0.6466480842
337	0.6466140123
338	0.6465864784
339	0.6465673898
340	0.6465177823
341	0.6464985595
342	0.646473982
343	0.6464391201
344	0.6464099068
345	0.6463871052
346	0.6463578124
347	0.6463356768
348	0.646301692
349	0.6462749013
350	0.6461821057
351	0.6460190872
352	0.6457106718
353	0.645542974
354	0.6451100517
355	0.6450750924
356	0.645038969
357	0.6450105143
358	0.6449830173
359	0.6449619915
360	0.6449375164
361	0.6449138629
362	0.644888238
363	0.6448308672
364	0.6447830187
365	0.6446330182
366	0.6446057285
367	0.6445847977
368	0.6445211259
369	0.6444935229
370	0.6444737969
371	0.6444301699
372	0.64440691
373	0.6442523287
374	0.6442300909
375	0.6442046291
376	0.644178245
377	0.6441467801
378	0.6441156651
379	0.6440616555
380	0.6440370954
381	0.6439897928
382	0.6439630041
383	0.6439440362
384	0.6439170013
385	0.6437580082
386	0.6437385508
387	0.6437146766
388	0.6435442147
389	0.6435067838
390	0.6434693203
391	0.6433188588
392	0.6431591634
393	0.6429923793
394	0.6428427311
395	0.6428213194
396	0.6427966853
397	0.6427738371
398	0.6427543373
399	0.6425806637
400	0.6425460924
401	0.642501988
402	0.6424528584
403	0.6424120511
404	0.6423529451
405	0.6417699901
406	0.6417124774
407	0.6413679872
408	0.6413202146
409	0.6412975219
410	0.6412719843
411	0.6412141013
412	0.6411907747
413	0.6411329312
414	0.6410936307
415	0.6410692403
416	0.6409005714
417	0.6408671935
418	0.6408474315
419	0.6408065948
420	0.64077724
421	0.6407322145
422	0.6406932613
423	0.6406384747
424	0.6405730359
425	0.6405478545
426	0.6404083819
427	0.6402569999
428	0.6402289283
429	0.6402004823
430	0.6401799938
431	0.6401411441
432	0.6397858363
433	0.6396322391
434	0.6394812267
435	0.6394030975
436	0.639300964
437	0.6392697026
438	0.6391719925
439	0.6391346275
440	0.6389513022
441	0.6388559114
442	0.6388014731
443	0.6387811779
444	0.6384031626
445	0.6383200441
446	0.6381619223
447	0.638142018
448	0.6379843778
449	0.6378291907
450	0.6377599456
451	0.6377085484
452	0.6376780063
453	0.6376253931
454	0.6375988246
455	0.6375644807
456	0.6373895489
457	0.6373475896
458	0.6371848184
459	0.6370516162
460	0.6370201438
461	0.6369718062
462	0.6368237865
463	0.6367730252
464	0.6366012484
465	0.6365602126
466	0.6365112407
467	0.6363629333
468	0.636210057
469	0.6360456327
470	0.6359061543
471	0.6357565091
472	0.6355857072
473	0.6354216745
474	0.6353035683
475	0.6351928782
476	0.6350421207
477	0.6348852192
478	0.6347297451
479	0.6346240681
480	0.6344643919
481	0.6343044989
482	0.6341515234
483	0.6340938028
484	0.6335448795
485	0.6334051718
486	0.6332714804
487	0.6332001571
488	0.6326894017
489	0.6325315701
490	0.6323794423
491	0.632248344
492	0.6320940207
493	0.6320188374
494	0.6319888247
495	0.6318371261
496	0.631673064
497	0.6312151069
498	0.6310505198
499	0.630896158
500	0.6307356335
501	0.630601227
502	0.6304390525
503	0.6302924055
504	0.6301559135
505	0.6300017208
506	0.629865183
507	0.6297347733
508	0.6296082462
509	0.6294850135
510	0.6293245273
511	0.6291613383
512	0.6290015404
513	0.6286247437
514	0.6285018069
515	0.6283509937
516	0.6282110758
517	0.6281628038
518	0.6280118822
519	0.6278595682
520	0.627829329
521	0.6277985816
522	0.6277679454
523	0.627630179
524	0.6275850543
525	0.6275577374
526	0.627414939
527	0.6272601854
528	0.626779337
529	0.6267116162
530	0.6265708269
531	0.6264155964
532	0.6262829081
533	0.6261579482
534	0.6260231964
535	0.6259443308
536	0.6259070276
537	0.6258612663
538	0.6258337598
539	0.6257782937
540	0.6257265925
541	0.6255827993
542	0.6255207009
543	0.6253729815
544	0.6252400116
545	0.6251133996
546	0.6250854153
547	0.6249618319
548	0.6248075981
549	0.6247493055
550	0.6246233278
551	0.6244999808
552	0.6244702617
553	0.6243280937
554	0.6241710432
555	0.6240487431
556	0.6240183911
557	0.6238989287
558	0.6237772726
559	0.6237071848
560	0.6235984006
561	0.6235045474
562	0.6233772952
563	0.6233503702
564	0.6232932833
565	0.6231451923
566	0.6231173929
567	0.6229817139
568	0.6226988881
569	0.6225598828
570	0.6225323002
571	0.6224142334
572	0.6223883479
573	0.6222557673
574	0.6221810794
575	0.6221550374
576	0.6220187366
577	0.6219094607
578	0.6217622697
579	0.6216104602
580	0.621452967
581	0.6213028378
582	0.6212791826
583	0.6211442499
584	0.6210030577
585	0.6209774147
586	0.6208429996
587	0.6207012662
588	0.620577357
589	0.6204474359
590	0.6203183608
591	0.6202001953
592	0.620060949
593	0.6199416998
594	0.6197865261
595	0.6196730276
596	0.619536713
597	0.6194069311
598	0.6190462325
599	0.619017117
600	0.6188753368
601	0.6187583863
602	0.6186443297
603	0.6185192627
604	0.6182534642
605	0.6179105905
606	0.6177801075
607	0.6177529152
608	0.6177001791
609	0.6175790479
610	0.6175285561
611	0.6174992851
612	0.6174750367
613	0.6173446017
614	0.6173191103
615	0.617185357
616	0.6171577609
617	0.6171327523
618	0.6169965555
619	0.6168593002
620	0.6167941956
621	0.6167479196
622	0.6167243528
623	0.6165995519
624	0.6165455379
625	0.6165203858
626	0.6164967716
627	0.6164413961
628	0.6163082265
629	0.6161980317
630	0.6161738381
631	0.6160369615
632	0.6159221631
633	0.615818443
634	0.6156856452
635	0.6155757598
636	0.6155531912
637	0.6155277693
638	0.6153959814
639	0.6153510587
640	0.6153270154
641	0.615193716
642	0.6151541378
643	0.6150292207
644	0.6149081234
645	0.6148622865
646	0.6147371367
647	0.6147136677
648	0.614594639
649	0.6145687306
650	0.6144432302
651	0.6144204591
652	0.6143203886
653	0.6139778132
654	0.6139571313
655	0.6139355441
656	0.6138061338
657	0.6136997883
658	0.6136751621
659	0.613553655
660	0.6134370693
661	0.6134149805
662	0.6133904264
663	0.6132787606
664	0.6132334893
665	0.6131825024
666	0.6130496221
667	0.6129656679
668	0.6128474604
669	0.6128249977
670	0.6127568633
671	0.6127351406
672	0.6126158608
673	0.6124819988
674	0.6124577832
675	0.6123374653
676	0.612315377
677	0.6122063608
678	0.6121836581
679	0.6121607502
680	0.6120571382
681	0.6119564292
682	0.6119354118
683	0.6119128761
684	0.611866212
685	0.6118177572
686	0.6117021784
687	0.6115960072
688	0.6115734247
689	0.6115332247
690	0.6114103641
691	0.6113888133
692	0.6113676492
693	0.611332169
694	0.6113116357
695	0.6112913601
696	0.6112211968
697	0.6111099832
698	0.6110876102
699	0.6110631783
700	0.611041532
701	0.610761174
702	0.6107136169
703	0.6106918974
704	0.6106534736
705	0.610602949
706	0.6105595719
707	0.6105399657
708	0.610414307
709	0.610347129
710	0.6102285371
711	0.6102064455
712	0.6100908673
713	0.6099748083
714	0.609849382
715	0.6097485067
716	0.6097295917
717	0.609314541
718	0.6091827542
719	0.609049216
720	0.608933518
721	0.6088778064
722	0.6088249082
723	0.608788113
724	0.6087681171
725	0.6086497723
726	0.6086302885
727	0.6086106097
728	0.6084837763
729	0.6083837223
730	0.6083620151
731	0.6082544961
732	0.6081348014
733	0.6080523057
734	0.6080119605
735	0.607887552
736	0.6077780566
737	0.6076714768
738	0.6076503037
739	0.6075259805
740	0.6074276182
741	0.6073069386
742	0.6072090368
743	0.6071721863
744	0.6070679181
745	0.6069503917
746	0.6069077067
747	0.6067812899
748	0.6066787589
749	0.6065862264
750	0.606484467
751	0.6063693998
752	0.6063501399
753	0.6063303001
754	0.6062108783
755	0.6061897664
756	0.6060734868
757	0.6059700798
758	0.6059332257
759	0.6059122225
760	0.6058682857
761	0.605847963
762	0.6057270055
763	0.6056233469
764	0.6056048226
765	0.6055538408
766	0.6055354633
767	0.6055176342
768	0.6054907605
769	0.6054712735
770	0.6053671449
771	0.6053272684
772	0.6052890449
773	0.6052597104
774	0.6052407522
775	0.6052213037
776	0.6051845357
777	0.6050807321
778	0.6050610139
779	0.6050419693
780	0.6050242922
781	0.6050067736
782	0.604897104
783	0.6048770458
784	0.6048125459
785	0.6047021226
786	0.6046158419
787	0.6045772655
788	0.6045591569
789	0.6045438788
790	0.6045138464
791	0.6042265818
792	0.6041724038
793	0.6041530327
794	0.6040838272
795	0.6039748152
796	0.6039146585
797	0.603896066
798	0.6035337315
799	0.6034153044
800	0.6033978752
801	0.6033795326
802	0.6033611234
803	0.6033433847
804	0.6033250681
805	0.6032961011
806	0.6032773886
807	0.6032600141
808	0.6032413
809	0.6028804735
810	0.6028541361
811	0.6027717829
812	0.6027538638
813	0.6026441029
814	0.6025424327
815	0.6024960311
816	0.6024365052
817	0.6023209735
818	0.6022855558
819	0.6021954743
820	0.6020783358
821	0.6019556632
822	0.6018398703
823	0.6018000089
824	0.6017824025
825	0.6017627453
826	0.6017354941
827	0.6016228167
828	0.6016052554
829	0.6015893671
830	0.6015358857
831	0.6015149555
832	0.6014963739
833	0.6014000514
834	0.6013819877
835	0.6012575651
836	0.6012209303
837	0.6011701822
838	0.6011384339
839	0.6010995329
840	0.6009790055
841	0.6009472559
842	0.600833633
843	0.6007352499
844	0.600718231
845	0.6006001572
846	0.6005641046
847	0.600449696
848	0.6004167352
849	0.6003997457
850	0.6003139943
851	0.6002970093
852	0.6000428104
853	0.6000268373
854	0.5999860818
855	0.5998645327
856	0.5998365631
857	0.5998185862
858	0.5997105888
859	0.5996841277
860	0.5996617215
861	0.5995665406
862	0.5995290844
863	0.5994212603
864	0.59931072
865	0.599271838
866	0.5991692834
867	0.5991519663
868	0.5991275396
869	0.5990789091
870	0.5990571649
871	0.5990402073
872	0.5990229067
873	0.5990064972
874	0.5989851671
875	0.5989676428
876	0.598947647
877	0.5989308893
878	0.5988717398
879	0.5988551901
880	0.5987370132
881	0.5987189479
882	0.5986197824
883	0.5985927017
884	0.5985714282
885	0.5985321667
886	0.5984215461
887	0.5983850167
888	0.5983671034
889	0.5983425019
890	0.5983248337
891	0.5980209819
892	0.5979733984
893	0.5979466598
894	0.5978363868
895	0.5978177477
896	0.5977985018
897	0.5976893848
898	0.5976723966
899	0.5975616195
900	0.5975456407
901	0.5974446337
902	0.5974284777
903	0.5974100461
904	0.5973896802
905	0.5973739774
906	0.5972776523
907	0.5971654821
908	0.5971495685
909	0.5971097236
910	0.5970928591
911	0.596977965
912	0.5966344058
913	0.5965207844
914	0.5964212802
915	0.5964032823
916	0.5963227407
917	0.5962144827
918	0.5961985393
919	0.5961497731
920	0.5960913531
921	0.5960666227
922	0.5959600301
923	0.5959431025
924	0.5958353731
925	0.5957410425
926	0.5956938809
927	0.5956778545
928	0.5956483147
929	0.5956325614
930	0.5955928015
931	0.5955598954
932	0.5955114364
933	0.5952574809
934	0.5952419178
935	0.5952262497
936	0.5951104747
937	0.5950885006
938	0.5949874587
939	0.5948852014
940	0.5948459561
941	0.5948006045
942	0.5947622189
943	0.5946573018
944	0.5945622301
945	0.5945446066
946	0.5945276676
947	0.5944996809
948	0.5943936035
949	0.5943786214
950	0.5942937571
951	0.5942513117
952	0.5941488054
953	0.5940614265
954	0.5940085537
955	0.5939120404
956	0.5938706233
957	0.5938551051
958	0.5938393969
959	0.5935401335
960	0.5934363804
961	0.5933405625
962	0.5932200604
963	0.5931761217
964	0.5931539839
965	0.5931385112
966	0.5930182495
967	0.5929383924
968	0.592923124
969	0.5929057027
970	0.5928898958
971	0.5928040829
972	0.592695252
973	0.5926581713
974	0.5926402201
975	0.5925427371
976	0.5925177792
977	0.5925029911
978	0.5923767646
979	0.5922871135
980	0.5922695242
981	0.5921327847
982	0.5921078415
983	0.5918219577
984	0.591734388
985	0.5917191518
986	0.5916867044
987	0.5916691779
988	0.5915613788
989	0.5915421373
990	0.5915272213
991	0.5914533636
992	0.5914179182
993	0.5912892266
994	0.5911985266
995	0.5911823849
996	0.5910882643
997	0.5910516156
998	0.5909555413
999	0.59091958
1000	0.5909034757
1001	0.5908105739
1002	0.5907949334
1003	0.5907020857
1004	0.5906857412
1005	0.5906704101
1006	0.5906451752
1007	0.5906252447
1008	0.5906096442
1009	0.5905924152
1010	0.5905005615
1011	0.5904773222
1012	0.5904401284
1013	0.5901129821
1014	0.5900682388
1015	0.5900520215
1016	0.5900318333
1017	0.5897787538
1018	0.5897521201
1019	0.5897360469
1020	0.589721458
1021	0.5897055068
1022	0.5896888391
1023	0.5896421878
1024	0.5896257222
1025	0.5896099984
1026	0.5895313483
1027	0.5895138245
1028	0.5894194168
1029	0.5893746622
1030	0.5893581359
1031	0.5892332515
1032	0.5891165157
1033	0.5891001971
1034	0.5890692236
1035	0.588984982
1036	0.5889541073
1037	0.5889315712
1038	0.5888448022
1039	0.5885890968
1040	0.5885669472
1041	0.588460112
1042	0.5884450058
1043	0.5881676891
1044	0.5881511884
1045	0.5881090776
1046	0.5880273654
1047	0.5880083374
1048	0.5879867006
1049	0.5879714702
1050	0.5879563576
1051	0.5879372815
1052	0.5879145772
1053	0.5878943637
1054	0.5878514011
1055	0.5878113615
1056	0.5877966164
1057	0.5876885274
1058	0.5876541176
1059	0.5874141975
1060	0.5873920052
1061	0.587376092
1062	0.5873586462
1063	0.587340234
1064	0.5873139106
1065	0.5872989736
1066	0.5871955724
1067	0.5871046333
1068	0.5870889548
1069	0.5870737161
1070	0.5869570953
1071	0.5869401835
1072	0.5869225089
1073	0.5868952992
1074	0.586872621
1075	0.5868468246
1076	0.5868304757
1077	0.5867983191
1078	0.5867660499
1079	0.5867496631
1080	0.5867252048
1081	0.5866920368
1082	0.5866749988
1083	0.5866592766
1084	0.5865466627
1085	0.5864644557
1086	0.5864346126
1087	0.5864016403
1088	0.5862962174
1089	0.5860795797
1090	0.5860362609
1091	0.5860178898
1092	0.5860043521
1093	0.5859904246
1094	0.5859087399
1095	0.5858286452
1096	0.5857855197
1097	0.5857683994
1098	0.5857536009
1099	0.5857328377
1100	0.5857152131
1101	0.5856304561
1102	0.5856024173
1103	0.5855833917
1104	0.5855663484
1105	0.5855502301
1106	0.5855332929
1107	0.58551768
1108	0.5854968446
1109	0.5854627512
1110	0.5854472811
1111	0.5853678756
1112	0.5853366898
1113	0.5853214841
1114	0.5853011911
1115	0.5852863695
1116	0.5851982793
1117	0.5851746595
1118	0.5851482902
1119	0.5851299089
1120	0.5851143357
1121	0.5850921834
1122	0.5849802388
1123	0.5849518559
1124	0.5849350322
1125	0.584906924
1126	0.58489248
1127	0.584875974
1128	0.5848419261
1129	0.5848200524
1130	0.5848048201
1131	0.5847356673
1132	0.5846494703
1133	0.5846326882
1134	0.5843568637
1135	0.5843419476
1136	0.5843278641
1137	0.5843118461
1138	0.5842976103
1139	0.5842816933
1140	0.5842580136
1141	0.5842434954
1142	0.5842291027
1143	0.5841360737
1144	0.5841202119
1145	0.5841051107
1146	0.5840887329
1147	0.5840743676
1148	0.5840587404
1149	0.5839381729
1150	0.5839242109
1151	0.5839103033
1152	0.5838688735
1153	0.5838430674
1154	0.5837458617
1155	0.5836390266
1156	0.5836047512
1157	0.5835865266
1158	0.5835652321
1159	0.5834469578
1160	0.5834146521
1161	0.5833440636
1162	0.5833285834
1163	0.5833143816
1164	0.5832883682
1165	0.583259365
1166	0.583237527
1167	0.5831600956
1168	0.5831236219
1169	0.5831047706
1170	0.5830842829
1171	0.583060216
1172	0.5830314975
1173	0.5830177722
1174	0.5830024766
1175	0.5829226566
1176	0.582908234
1177	0.5827931523
1178	0.5827698394
1179	0.5827376337
1180	0.5827230553
1181	0.5826216569
1182	0.5826063235
1183	0.5825859073
1184	0.5825556177
1185	0.582538078
1186	0.5822646557
1187	0.5822354457
1188	0.5822219667
1189	0.5822070668
1190	0.5821926752
1191	0.5821791346
1192	0.5821631005
1193	0.5821365261
1194	0.58210944
1195	0.5820271179
1196	0.5820131108
1197	0.5819192063
1198	0.581902269
1199	0.5818506639
1200	0.5818347957
1201	0.5817621886
1202	0.5816636157
1203	0.5816439198
1204	0.5816132121
1205	0.5815198838
1206	0.5815064245
1207	0.5814914577
1208	0.5814588888
1209	0.5814451925
1210	0.5813358795
1211	0.5813212289
1212	0.5813060805
1213	0.5812678849
1214	0.5812526342
1215	0.5811472491
1216	0.5810623041
1217	0.5810430342
1218	0.581025796
1219	0.5810134573
1220	0.580941407
1221	0.580928157
1222	0.5808843078
1223	0.5808700635
1224	0.5808555124
1225	0.5808419292
1226	0.580815544
1227	0.580728892
1228	0.5807149529
1229	0.5807021624
1230	0.5806810132
1231	0.5806656328
1232	0.5806513719
1233	0.5806212414
1234	0.5806083394
1235	0.5805904004
1236	0.5805565551
1237	0.580541794
1238	0.5805251333
1239	0.5804971408
1240	0.5804750304
1241	0.5803861581
1242	0.5802757056
1243	0.580261062
1244	0.5802295975
1245	0.5801900953
1246	0.5801715635
1247	0.5800423818
1248	0.5800274804
1249	0.5800128114
1250	0.5799769318
1251	0.5798982015
1252	0.5798831866
1253	0.5798689226
1254	0.5798562824
1255	0.5798276392
1256	0.5798016282
1257	0.5797886019
1258	0.5797663661
1259	0.5797515948
1260	0.5797362701
1261	0.5797140794
1262	0.5796998369
1263	0.5796779394
1264	0.5796585793
1265	0.5796378165
1266	0.5796216767
1267	0.5795928347
1268	0.5795098201
1269	0.5794952697
1270	0.5794803172
1271	0.5794663631
1272	0.5794353202
1273	0.5794210369
1274	0.5793073375
1275	0.5792878982
1276	0.579253999
1277	0.5792391963
1278	0.5792096916
1279	0.579169475
1280	0.5791537568
1281	0.5791406304
1282	0.5791257189
1283	0.5791110696
1284	0.5790819286
1285	0.5790017467
1286	0.5789766307
1287	0.5789528638
1288	0.578937733
1289	0.5789197785
1290	0.5788235456
1291	0.5787421726
1292	0.5787127893
1293	0.5786837715
1294	0.5786702261
1295	0.5785789188
1296	0.5785646773
1297	0.5785499592
1298	0.5785310057
1299	0.5785169239
1300	0.5784899627
1301	0.5784760841
1302	0.5784632702
1303	0.5784481145
1304	0.5784271681
1305	0.5784132136
1306	0.5783976788
1307	0.5783729222
1308	0.578352519
1309	0.5782798666
1310	0.5782491176
1311	0.5780683382
1312	0.5780554542
1313	0.5780416045
1314	0.5779625806
1315	0.5779500061
1316	0.5779225205
1317	0.5778333331
1318	0.5778042247
1319	0.57778459
1320	0.5777664795
1321	0.5776882652
1322	0.577673162
1323	0.577653872
1324	0.5776389099
1325	0.5775445426
1326	0.5775254421
1327	0.5775059571
1328	0.5774771797
1329	0.5773806951
1330	0.5773665046
1331	0.5773520588
1332	0.5773390163
1333	0.5771203282
1334	0.5771021765
1335	0.5770878907
1336	0.5769774377
1337	0.5769531087
1338	0.5767464546
1339	0.5767333454
1340	0.5767056837
1341	0.5766900873
1342	0.5766752117
1343	0.5766578765
1344	0.5766446767
1345	0.5766268733
1346	0.5766128762
1347	0.5765972591
1348	0.5765834252
1349	0.5764800228
1350	0.5764668206
1351	0.5764531672
1352	0.5764339869
1353	0.576413215
1354	0.5763859864
1355	0.5763449628
1356	0.5762500976
1357	0.5761450768
1358	0.5761170996
1359	0.5761029456
1360	0.5760814339
1361	0.5760511499
1362	0.5760327019
1363	0.5760078341
1364	0.5759816144
1365	0.5759317572
1366	0.5759170933
1367	0.5759035089
1368	0.575890308
1369	0.5758750171
1370	0.5757831954
1371	0.5757693451
1372	0.5757528739
1373	0.5757385931
1374	0.5757245501
1375	0.5757096684
1376	0.5756865946
1377	0.5756166012
1378	0.5755175155
1379	0.5755039419
1380	0.5754890978
1381	0.575397538
1382	0.5753845867
1383	0.575370576
1384	0.575357561
1385	0.5753305546
1386	0.5753065216
1387	0.5752781535
1388	0.5752652766
1389	0.5752522388
1390	0.5752324706
1391	0.5752084208
1392	0.5751175417
1393	0.575096355
1394	0.575083225
1395	0.5750618595
1396	0.5750474654
1397	0.5749299374
1398	0.5749150234
1399	0.5749012561
1400	0.5746708116
1401	0.5746578983
1402	0.5746445265
1403	0.5745631365
1404	0.5745384124
1405	0.5745243435
1406	0.5745100074
1407	0.5744484981
1408	0.5743591834
1409	0.5743393374
1410	0.5743257676
1411	0.5742936283
1412	0.5742792886
1413	0.5742661415
1414	0.5741976227
1415	0.5741841028
1416	0.5741672794
1417	0.5740774668
1418	0.5740639637
1419	0.5740440124
1420	0.5740223602
1421	0.5739153429
1422	0.5738304185
1423	0.5738166822
1424	0.5737913776
1425	0.5737568579
1426	0.5736611945
1427	0.5736451337
1428	0.5736306838
1429	0.5735477447
1430	0.5735055844
1431	0.5734783499
1432	0.5734638142
1433	0.573450637
1434	0.5734248274
1435	0.573409825
1436	0.5733964908
1437	0.5733778707
1438	0.5733645662
1439	0.5733473035
1440	0.5733288807
1441	0.5733132245
1442	0.5732956545
1443	0.573282008
1444	0.57326838
1445	0.5732315859
1446	0.5732177196
1447	0.5732060148
1448	0.5731937404
1449	0.5731305168
1450	0.5731165258
1451	0.5731042992
1452	0.5730102152
1453	0.5729878657
1454	0.5729732892
1455	0.5729378926
1456	0.572921541
1457	0.5729083855
1458	0.5728948234
1459	0.5728811319
1460	0.5728101061
1461	0.5727974917
1462	0.5727835097
1463	0.5727707082
1464	0.5727346426
1465	0.5727154538
1466	0.5725989753
1467	0.5725864035
1468	0.5725731025
1469	0.5725030011
1470	0.5724898335
1471	0.5724769102
1472	0.5724639847
1473	0.5724503011
1474	0.5724351205
1475	0.5724213293
1476	0.5723960162
1477	0.5723835422
1478	0.5723692843
1479	0.5723533301
1480	0.572336347
1481	0.5723161971
1482	0.5722931185
1483	0.5722658476
1484	0.5722511325
1485	0.5722384055
1486	0.5722238724
1487	0.5722046895
1488	0.5721919331
1489	0.5721671487
1490	0.5721505379
1491	0.5719219541
1492	0.5719078892
1493	0.5718277451
1494	0.5718150852
1495	0.5717992725
1496	0.5717865352
1497	0.57176896
1498	0.5717504871
1499	0.5716726643
1500	0.5716571343
1501	0.5716436547
1502	0.5716265086
1503	0.5716136312
1504	0.5715995507
1505	0.5715867535
1506	0.5713602394
1507	0.571348058
1508	0.5713335882
1509	0.5713200085
1510	0.5713077598
1511	0.5712934624
1512	0.5712761447
1513	0.5712622611
1514	0.5712482347
1515	0.5712330061
1516	0.5712197568
1517	0.5711489654
1518	0.57112446
1519	0.5711111947
1520	0.5710990099
1521	0.5710863658
1522	0.5710199197
1523	0.5709302785
1524	0.5709133027
1525	0.5708963197
1526	0.5708811202
1527	0.570867906
1528	0.5708552281
1529	0.5708428992
1530	0.5707700114
1531	0.5707571138
1532	0.5707441028
1533	0.5707288321
1534	0.5707025547
1535	0.5706889074
1536	0.5706743129
1537	0.5706474528
1538	0.5706213785
1539	0.570608277
1540	0.5705405565
1541	0.5705276935
1542	0.5704435555
1543	0.5704302423
1544	0.5704054897
1545	0.570382075
1546	0.5703694883
1547	0.5703510705
1548	0.5703320948
1549	0.5703185722
1550	0.5703050149
1551	0.5702925698
1552	0.5702798601
1553	0.5701843161
1554	0.5701534891
1555	0.5701397791
1556	0.5701270026
1557	0.5701138704
1558	0.5700537533
1559	0.5700318013
1560	0.5700175512
1561	0.5700039866
1562	0.5699912089
1563	0.56997664
1564	0.5699645878
1565	0.5699525854
1566	0.569926941
1567	0.5699001534
1568	0.5698830669
1569	0.5698647372
1570	0.5698328838
1571	0.5698186971
1572	0.5698011873
1573	0.5697799973
1574	0.5697119901
1575	0.5696907753
1576	0.5695907909
1577	0.5695682159
1578	0.5695528186
1579	0.5694517399
1580	0.5694356282
1581	0.5694245704
1582	0.5694097857
1583	0.5693905843
1584	0.5691872885
1585	0.5691746425
1586	0.5690961433
1587	0.5690828731
1588	0.5690696741
1589	0.5690371399
1590	0.5690178339
1591	0.5690040012
1592	0.5689840354
1593	0.568964415
1594	0.5689517844
1595	0.5689391008
1596	0.5689100635
1597	0.5688967115
1598	0.5688760682
1599	0.5688626938
1600	0.5686555825
1601	0.5686389923
1602	0.5686263819
1603	0.5686134986
1604	0.5686001657
1605	0.5685888425
1606	0.5685751441
1607	0.5684834726
1608	0.5684709219
1609	0.568455579
1610	0.5684435974
1611	0.5684304733
1612	0.5684094283
1613	0.5682162566
1614	0.5681952598
1615	0.5681826904
1616	0.5681693381
1617	0.5681512889
1618	0.5681316772
1619	0.5681182647
1620	0.5680919274
1621	0.5680683418
1622	0.5680563896
1623	0.5680417096
1624	0.568028512
1625	0.5680155586
1626	0.5680024802
1627	0.5679888986
1628	0.5679754528
1629	0.567711782
1630	0.5676966701
1631	0.5676768858
1632	0.5676501219
1633	0.5676358935
1634	0.567623751
1635	0.5676075879
1636	0.5673736394
1637	0.5673610538
1638	0.56728967
1639	0.567098881
1640	0.5670318849
1641	0.5670108649
1642	0.566997335
1643	0.5669300749
1644	0.5669167222
1645	0.5669025639
1646	0.5668825518
1647	0.5668708038
1648	0.5667559814
1649	0.5667377884
1650	0.5667165928
1651	0.5667043579
1652	0.5666885651
1653	0.5666771351
1654	0.5666532129
1655	0.5665785761
1656	0.5665430244
1657	0.5665295591
1658	0.5665154765
1659	0.5665019288
1660	0.5664357788
1661	0.5664232559
1662	0.5664063684
1663	0.5663879567
1664	0.5663761208
1665	0.5663578688
1666	0.5663450366
1667	0.5663336297
1668	0.5663201592
1669	0.5663020859
1670	0.56628279
1671	0.5662701632
1672	0.5661752416
1673	0.5661522756
1674	0.5661231026
1675	0.5660962398
1676	0.5660641476
1677	0.566051797
1678	0.5660382559
1679	0.5660255977
1680	0.5660118207
1681	0.565998247
1682	0.5659836681
1683	0.5659714866
1684	0.5659502415
1685	0.5659343871
1686	0.565920338
1687	0.5659066827
1688	0.5658944162
1689	0.5658706254
1690	0.5658577924
1691	0.5658316728
1692	0.5658189105
1693	0.5658023127
1694	0.5657830617
1695	0.565771531
1696	0.5657598177
1697	0.5657363536
1698	0.5657237766
1699	0.5657104248
1700	0.5656953175
1701	0.5656820463
1702	0.5656669703
1703	0.5656537247
1704	0.5656289135
1705	0.5655498216
1706	0.5654721774
1707	0.5653653413
1708	0.5653519552
1709	0.5653400643
1710	0.5653270854
1711	0.5651337437
1712	0.565121051
1713	0.565097158
1714	0.565083071
1715	0.5650674609
1716	0.5650497508
1717	0.5650374205
1718	0.5650122524
1719	0.5650005487
1720	0.5649865411
1721	0.5649081973
1722	0.5648963833
1723	0.5648855624
1724	0.564872325
1725	0.5648568802
1726	0.564787757
1727	0.5647691422
1728	0.5647570361
1729	0.5647318331
1730	0.5647082212
1731	0.5646963772
1732	0.5646374971
1733	0.5646243356
1734	0.5646033843
1735	0.564590716
1736	0.5645609365
1737	0.5644626447
1738	0.5644469064
1739	0.5644329617
1740	0.5644185105
1741	0.5644057575
1742	0.5643749753
1743	0.5643626836
1744	0.5643502112
1745	0.5643379178
1746	0.5643257548
1747	0.5642548989
1748	0.564237846
1749	0.5642246398
1750	0.5642100025
1751	0.5641829597
1752	0.5641699808
1753	0.5641520304
1754	0.5641399774
1755	0.5641090028
1756	0.5640825779
1757	0.5640696627
1758	0.5640573668
1759	0.5640449775
1760	0.5640323098
1761	0.564019892
1762	0.5640061932
1763	0.5639882191
1764	0.5639740977
1765	0.5639634073
1766	0.5639508328
1767	0.5639386649
1768	0.563847741
1769	0.5637884298
1770	0.5637763248
1771	0.5637515943
1772	0.5637393521
1773	0.5637221448
1774	0.5636942539
1775	0.5636699052
1776	0.5636565874
1777	0.5636162648
1778	0.5636013149
1779	0.5635904158
1780	0.5635770716
1781	0.5635648474
1782	0.5635519072
1783	0.5635359975
1784	0.5635239925
1785	0.5635068758
1786	0.563491787
1787	0.5634798646
1788	0.5634655873
1789	0.5634457849
1790	0.5634317874
1791	0.5633503477
1792	0.5633377635
1793	0.5633236732
1794	0.5633106317
1795	0.563296878
1796	0.5632837299
1797	0.5632662671
1798	0.5632534551
1799	0.5632441622
1800	0.563217108
1801	0.5632038319
1802	0.5631728558
1803	0.5631572301
1804	0.563096739
1805	0.5630378787
1806	0.5630273717
1807	0.5630126909
1808	0.5629998793
1809	0.5629874099
1810	0.5629726815
1811	0.5629588129
1812	0.5629465334
1813	0.5629343989
1814	0.5629211148
1815	0.5629015123
1816	0.5628881605
1817	0.5628086726
1818	0.5627942001
1819	0.5627817242
1820	0.5627670668
1821	0.5627333757
1822	0.5627218184
1823	0.5627070704
1824	0.5626775929
1825	0.562666965
1826	0.5626553497
1827	0.5625612431
1828	0.5625488769
1829	0.5624815831
1830	0.5624601576
1831	0.5624406439
1832	0.5624165431
1833	0.5624024588
1834	0.5623890691
1835	0.5623748643
1836	0.562362122
1837	0.5623475074
1838	0.5622679272
1839	0.562255551
1840	0.5622382488
1841	0.5622266756
1842	0.562213361
1843	0.5622007866
1844	0.562188224
1845	0.5621755859
1846	0.5621625477
1847	0.5621366032
1848	0.5621158679
1849	0.5620969597
1850	0.5620755555
1851	0.5620597196
1852	0.562047205
1853	0.562034752
1854	0.5620207343
1855	0.5620075786
1856	0.5619962925
1857	0.561984393
1858	0.5619720315
1859	0.5619578629
1860	0.5619439342
1861	0.5619321634
1862	0.561919954
1863	0.5618598439
1864	0.5618477275
1865	0.5618328264
1866	0.5618199152
1867	0.5618072967
1868	0.561794714
1869	0.561782212
1870	0.5617657343
1871	0.5617044875
1872	0.56162312
1873	0.5616084506
1874	0.561595428
1875	0.5615822388
1876	0.5615294258
1877	0.5615150726
1878	0.5615029241
1879	0.561437932
1880	0.5614043494
1881	0.5613924128
1882	0.561380422
1883	0.5613690516
1884	0.5613568314
1885	0.5612979014
1886	0.5612817347
1887	0.5612689471
1888	0.5612566812
1889	0.5612451705
1890	0.5612230539
1891	0.5612118811
1892	0.5611513682
1893	0.5610842475
1894	0.5610720979
1895	0.5610504947
1896	0.560890112
1897	0.5608761286
1898	0.5608626792
1899	0.5608510632
1900	0.5608385431
1901	0.5608279432
1902	0.560816459
1903	0.5607927215
1904	0.5607597745
1905	0.5607362059
1906	0.560724203
1907	0.5607131
1908	0.560700563
1909	0.5606881943
1910	0.560674741
1911	0.5606625674
1912	0.5606383921
1913	0.5606222157
1914	0.5606105234
1915	0.5605922643
1916	0.5605754315
1917	0.5605627713
1918	0.560550406
1919	0.5605378925
1920	0.5605199668
1921	0.5604938936
1922	0.5604823373
1923	0.5604704818
1924	0.560457306
1925	0.5604455859
1926	0.5604334283
1927	0.5604178733
1928	0.5604056705
1929	0.5603902225
1930	0.5603790223
1931	0.5603684734
1932	0.5603529299
1933	0.5603411712
1934	0.5603254941
1935	0.560313323
1936	0.5602996161
1937	0.5602844136
1938	0.5602682018
1939	0.5602531995
1940	0.5602359799
1941	0.5601325069
1942	0.5601194517
1943	0.5601077903
1944	0.5600961219
1945	0.5600838199
1946	0.5599880224
1947	0.559976274
1948	0.5599640062
1949	0.5599516281
1950	0.5598903868
1951	0.5598778888
1952	0.5598658622
1953	0.5598545732
1954	0.5598439127
1955	0.559803908
1956	0.5597810413
1957	0.5597586416
1958	0.5597464258
1959	0.559677975
1960	0.5596672156
1961	0.5596533047
1962	0.5596403947
1963	0.55962914
1964	0.5596191088
1965	0.5595521483
1966	0.5595398272
1967	0.5595279737
1968	0.5595150234
1969	0.5593651069
1970	0.5593515242
1971	0.5593373231
1972	0.5593256565
1973	0.5593125038
1974	0.5592998814
1975	0.5592778747
1976	0.5592648663
1977	0.5592514596
1978	0.5592387681
1979	0.5592244654
1980	0.5592133642
1981	0.5592002486
1982	0.5591891507
1983	0.5591736779
1984	0.5591615775
1985	0.5591455872
1986	0.5591325589
1987	0.5591194644
1988	0.5591076498
1989	0.5590959455
1990	0.5590834792
1991	0.559029273
1992	0.5589658228
1993	0.5589538669
1994	0.5589413125
1995	0.5589257304
1996	0.5589121772
1997	0.558896673
1998	0.5588845604
1999	0.5588724024
2000	0.5588604155
2001	0.5588468223
2002	0.5588111199
2003	0.5588002486
2004	0.5587884683
2005	0.5587755609
2006	0.5587536853
2007	0.5587347947
2008	0.5587177174
2009	0.5587046625
2010	0.5586923624
2011	0.5586757433
2012	0.5585749686
2013	0.5585627099
2014	0.5585503081
2015	0.5585388914
2016	0.558526234
2017	0.5585146369
2018	0.5584938002
2019	0.5584825845
2020	0.5584663035
2021	0.5584549652
2022	0.5584411788
2023	0.5584289475
2024	0.5583681611
2025	0.5583555735
2026	0.5583273398
2027	0.5583147965
2028	0.5582994724
2029	0.5582849387
2030	0.5580925564
2031	0.558076118
2032	0.5580590541
2033	0.5580318728
2034	0.5580193168
2035	0.5580017251
2036	0.5579811513
2037	0.5579485486
2038	0.5579377014
2039	0.5577674807
2040	0.5577561173
2041	0.5577438472
2042	0.5577313755
2043	0.5577196776
2044	0.5577057951
2045	0.5576935376
2046	0.5576816135
2047	0.5576694617
2048	0.5576571885
2049	0.5576412104
2050	0.5576298808
2051	0.5576167416
2052	0.5576058338
2053	0.5575371047
2054	0.5575155462
2055	0.55750105
2056	0.557482582
2057	0.5574698738
2058	0.5574586097
2059	0.5574429563
2060	0.5574216746
2061	0.5574103676
2062	0.5573974466
2063	0.5573852088
2064	0.5573683212
2065	0.5573484033
2066	0.5573309177
2067	0.5571466969
2068	0.5571340853
2069	0.5571210828
2070	0.5571085489
2071	0.5570972305
2072	0.5570823736
2073	0.5570726668
2074	0.5570610307
2075	0.5570499894
2076	0.5570381265
2077	0.557025337
2078	0.55694593
2079	0.5569337156
2080	0.5569208604
2081	0.556907401
2082	0.5568945673
2083	0.5568836313
2084	0.5568655641
2085	0.5568548135
2086	0.5568429339
2087	0.5568302418
2088	0.5568203618
2089	0.5568078777
2090	0.556796338
2091	0.5567798161
2092	0.5567680419
2093	0.556755321
2094	0.5566465794
2095	0.5566309116
2096	0.5565602802
2097	0.5565500238
2098	0.5565367481
2099	0.5565252215
2100	0.5565130321
2101	0.5564615425
2102	0.5564485395
2103	0.5564364942
2104	0.5564239257
2105	0.5564114149
2106	0.5563954569
2107	0.5563849791
2108	0.5563740977
2109	0.5563070946
2110	0.5562867171
2111	0.5562742298
2112	0.5562607035
2113	0.5562493428
2114	0.5562349006
2115	0.556222066
2116	0.5562099385
2117	0.5561792698
2118	0.5561539759
2119	0.5561415243
2120	0.5561294618
2121	0.5561151817
2122	0.5561034341
2123	0.556082721
2124	0.5560716499
2125	0.5560597151
2126	0.556046814
2127	0.5560346821
2128	0.5560221862
2129	0.5560093006
2130	0.5559982392
2131	0.5559823663
2132	0.5558989452
2133	0.5558875049
2134	0.5558541944
2135	0.5558411469
2136	0.5558296093
2137	0.5557535548
2138	0.5557231862
2139	0.5557001047
2140	0.5556873213
2141	0.5556014186
2142	0.5555892035
2143	0.5555786011
2144	0.5555109187
2145	0.5555000313
2146	0.5554795343
2147	0.5554632674
2148	0.5554495443
2149	0.5554301984
2150	0.5554122082
2151	0.5554001616
2152	0.5552065362
2153	0.5551941112
2154	0.5551824017
2155	0.5551720439
2156	0.5551597031
2157	0.5551480169
2158	0.5551294821
2159	0.5551161671
2160	0.5551018033
2161	0.5550845569
2162	0.5550668903
2163	0.5548987325
2164	0.5548792137
2165	0.5548671271
2166	0.5548553313
2167	0.5548445223
2168	0.5548335467
2169	0.5548173081
2170	0.5546018768
2171	0.5545857183
2172	0.5545744064
2173	0.5545606573
2174	0.554548133
2175	0.5545360505
2176	0.5544525637
2177	0.5544411573
2178	0.5544245017
2179	0.5544053955
2180	0.5543936709
2181	0.5543781714
2182	0.5543663012
2183	0.5543518871
2184	0.5543399176
2185	0.5543266531
2186	0.5543108425
2187	0.5542974901
2188	0.5542862287
2189	0.5542632067
2190	0.554249058
2191	0.5542376383
2192	0.5542268077
2193	0.5542144701
2194	0.5542030824
2195	0.5541894163
2196	0.5541774363
2197	0.5540967259
2198	0.5540816313
2199	0.5540693814
2200	0.5540568903
2201	0.5540429744
2202	0.5539490412
2203	0.5539301749
2204	0.5539165207
2205	0.5538481299
2206	0.5538321594
2207	0.5538190977
2208	0.5537987312
2209	0.5537873338
2210	0.5537744255
2211	0.5537636197
2212	0.5537511266
2213	0.5537403961
2214	0.553710755
2215	0.5536999497
2216	0.5536874653
2217	0.5536757567
2218	0.5536489293
2219	0.5536370346
2220	0.5536259463
2221	0.5536148245
2222	0.5536032595
2223	0.5535901403
2224	0.553578998
2225	0.5535572652
2226	0.5535470004
2227	0.5535368006
2228	0.5535245454
2229	0.5535106054
2230	0.5534996534
2231	0.5534874949
2232	0.5534755359
2233	0.5534641212
2234	0.5533687423
2235	0.5533560162
2236	0.5532120973
2237	0.5531989229
2238	0.5531871495
2239	0.5531764326
2240	0.5531645586
2241	0.5531021536
2242	0.5530070033
2243	0.5529928363
2244	0.552980564
2245	0.5529662221
2246	0.552954598
2247	0.5528816806
2248	0.5528662666
2249	0.5528550458
2250	0.5528435869
2251	0.5528307774
2252	0.5528195469
2253	0.55280766
2254	0.552779553
2255	0.5527563304
2256	0.5527359864
2257	0.5526771067
2258	0.5526665918
2259	0.5526545581
2260	0.5526419232
2261	0.5526303047
2262	0.552618343
2263	0.5526034078
2264	0.5525910515
2265	0.5525778428
2266	0.5525667488
2267	0.5525363132
2268	0.5525239064
2269	0.5524244307
2270	0.5524128826
2271	0.5524021005
2272	0.5523892877
2273	0.5523769399
2274	0.5523627821
2275	0.5523518941
2276	0.5523228371
2277	0.5523105875
2278	0.5522518611
2279	0.552241183
2280	0.5522288831
2281	0.5522164999
2282	0.5522046273
2283	0.5521929606
2284	0.5521807863
2285	0.552168575
2286	0.5521554291
2287	0.552133314
2288	0.5521227821
2289	0.5521118612
2290	0.5521000424
2291	0.5520878403
2292	0.552074646
2293	0.5520581181
2294	0.5520432089
2295	0.5520273991
2296	0.5520111876
2297	0.5519900702
2298	0.5519771212
2299	0.5519649417
2300	0.5519464623
2301	0.5519350649
2302	0.5519230061
2303	0.55191211
2304	0.5518993933
2305	0.5518886517
2306	0.5518771368
2307	0.5518657315
2308	0.5518541673
2309	0.5518417337
2310	0.5518283294
2311	0.5518175206
2312	0.5518064752
2313	0.5517952579
2314	0.5517846215
2315	0.5517722654
2316	0.5517592693
2317	0.5517480664
2318	0.551735872
2319	0.5517243864
2320	0.5516550433
2321	0.5516445676
2322	0.5516338276
2323	0.5516146063
2324	0.5516001369
2325	0.551587988
2326	0.5515752808
2327	0.5515637703
2328	0.5514897697
2329	0.5514770503
2330	0.5514644886
2331	0.5514535954
2332	0.551420899
2333	0.5513917054
2334	0.5513732193
2335	0.5513624521
2336	0.5513451979
2337	0.5513309685
2338	0.5513180961
2339	0.5512334326
2340	0.5512220304
2341	0.5512109857
2342	0.5511981733
2343	0.5511872482
2344	0.5511742751
2345	0.5511622302
2346	0.5511423234
2347	0.5511306099
2348	0.5511155312
2349	0.5511046449
2350	0.5510928503
2351	0.5510808523
2352	0.5510686038
2353	0.5510566425
2354	0.5510469381
2355	0.5510356988
2356	0.5510232096
2357	0.5510114093
2358	0.5509996185
2359	0.5509887363
2360	0.5509650546
2361	0.5509535234
2362	0.5509411199
2363	0.550930445
2364	0.5509200727
2365	0.5509100383
2366	0.5508922372
2367	0.550881248
2368	0.5508625909
2369	0.5508525931
2370	0.5508412739
2371	0.5508286372
2372	0.550748487
2373	0.5507366523
2374	0.5507252303
2375	0.5506956759
2376	0.5506843597
2377	0.5506723815
2378	0.5506600217
2379	0.550644025
2380	0.5506325112
2381	0.5506202138
2382	0.5506064848
2383	0.5505958321
2384	0.5505844521
2385	0.5505656368
2386	0.5505538595
2387	0.5505432991
2388	0.5505296899
2389	0.5505172791
2390	0.5504042313
2391	0.550393622
2392	0.5503692344
2393	0.5503567357
2394	0.5503449549
2395	0.5503327355
2396	0.5503210746
2397	0.550309282
2398	0.5502955297
2399	0.5502833085
2400	0.550258504
2401	0.5501594604
2402	0.5501440461
2403	0.5501326311
2404	0.5501195222
2405	0.5501078667
2406	0.5500959805
2407	0.5500855079
2408	0.5500745506
2409	0.5500536592
2410	0.5500422445
2411	0.5500315579
2412	0.5500183136
2413	0.5500069698
2414	0.5499890306
2415	0.5499791524
2416	0.5499676733
2417	0.5499472008
2418	0.5499356032
2419	0.5499227797
2420	0.5499102806
2421	0.5498982524
2422	0.549887827
2423	0.5498752701
2424	0.5498631999
2425	0.5498522855
2426	0.5498414822
2427	0.5498305426
2428	0.549820327
2429	0.54980674
2430	0.5497942891
2431	0.5497682392
2432	0.5497533771
2433	0.549741885
2434	0.5496426008
2435	0.549630031
2436	0.549618572
2437	0.549608029
2438	0.5495945608
2439	0.549582613
2440	0.5495712507
2441	0.5495461318
2442	0.5495342588
2443	0.5495025062
2444	0.5494912861
2445	0.5493933515
2446	0.5493813443
2447	0.549370814
2448	0.5493594152
2449	0.5493477282
2450	0.549336303
2451	0.5493242012
2452	0.5493136754
2453	0.5493030659
2454	0.5492911867
2455	0.5492310679
2456	0.5492196699
2457	0.5491463262
2458	0.5491295561
2459	0.5491199623
2460	0.5491071334
2461	0.5490959666
2462	0.5490745635
2463	0.5490636533
2464	0.5490525662
2465	0.5490410083
2466	0.5490307432
2467	0.5490184776
2468	0.5490080442
2469	0.5489978849
2470	0.5489864642
2471	0.5489746954
2472	0.5489641804
2473	0.5489445553
2474	0.5489138259
2475	0.548901555
2476	0.5488904
2477	0.5488797675
2478	0.5488688575
2479	0.5488132759
2480	0.5487619947
2481	0.548750745
2482	0.5487394901
2483	0.548728773
2484	0.5487183906
2485	0.5487049836
2486	0.5486919991
2487	0.5486699179
2488	0.5486587865
2489	0.5486469039
2490	0.5486336541
2491	0.5486215621
2492	0.5486101128
2493	0.5485964783
2494	0.5485827042
2495	0.5484212402
2496	0.5484082544
2497	0.5483961514
2498	0.5483392004
2499	0.5483289871
2500	0.5483109177
2501	0.5482997346
2502	0.5482853327
2503	0.5482673872
2504	0.5482567722
2505	0.5482459919
2506	0.5482348967
2507	0.5482246161
2508	0.5482128726
2509	0.548200184
2510	0.5481882007
2511	0.5481777515
2512	0.54811002
2513	0.5480973572
2514	0.5480873934
2515	0.548077247
2516	0.5480626236
2517	0.54803881
2518	0.5480271518
2519	0.5480165157
2520	0.5480019857
2521	0.5479905559
2522	0.5479777825
2523	0.547966426
2524	0.5479436816
2525	0.5479323116
2526	0.5479215968
2527	0.5479107315
2528	0.5478990125
2529	0.547874489
2530	0.5477884258
2531	0.547773571
2532	0.5477624118
2533	0.5477501495
2534	0.5477381929
2535	0.5477278646
2536	0.5477162363
2537	0.5477062121
2538	0.54769408
2539	0.5476831984
2540	0.5476685731
2541	0.5476580206
2542	0.5476440998
2543	0.5476322205
2544	0.5476216834
2545	0.5476096798
2546	0.5475988367
2547	0.5475874337
2548	0.5475745632
2549	0.5475498879
2550	0.5475369893
2551	0.5475252695
2552	0.5475154778
2553	0.5473558801
2554	0.5473448266
2555	0.5473341107
2556	0.547319179
2557	0.5472674928
2558	0.5472538588
2559	0.5472423148
2560	0.5472311179
2561	0.5472083157
2562	0.5471959289
2563	0.5471821654
2564	0.5471715707
2565	0.5471584922
2566	0.5471456533
2567	0.5471352357
2568	0.5471238756
2569	0.5471123887
2570	0.5470938885
2571	0.5470811976
2572	0.5470710367
2573	0.5470595763
2574	0.5470467597
2575	0.5470347539
2576	0.5470242163
2577	0.5470136223
2578	0.5470029734
2579	0.5469913689
2580	0.5469801075
2581	0.5469674886
2582	0.5469556822
2583	0.5469461545
2584	0.5469345532
2585	0.5469033244
2586	0.5468922495
2587	0.5468810873
2588	0.5468671689
2589	0.5468557398
2590	0.5468290911
2591	0.5468155154
2592	0.5468038516
2593	0.5467256242
2594	0.5467138589
2595	0.546697944
2596	0.5466863834
2597	0.5466260469
2598	0.5466137806
2599	0.5466015851
2600	0.5465909175
2601	0.5465789308
2602	0.5465662527
2603	0.5465209743
2604	0.5465102953
2605	0.5464972839
2606	0.5464865583
2607	0.5464749698
2608	0.5464634089
2609	0.5464531071
2610	0.5464405503
2611	0.5464275079
2612	0.5463765536
2613	0.5463656013
2614	0.5463542934
2615	0.5463429411
2616	0.5463316782
2617	0.5463154159
2618	0.5462956429
2619	0.5462827073
2620	0.5462696973
2621	0.5462525192
2622	0.5462383319
2623	0.5462273041
2624	0.5462146914
2625	0.5461988662
2626	0.546178165
2627	0.5461671169
2628	0.5460836173
2629	0.546071273
2630	0.5460014224
2631	0.5459775485
2632	0.5459660841
2633	0.5459545414
2634	0.5459430417
2635	0.5459277289
2636	0.5459174927
2637	0.5459051306
2638	0.5458941023
2639	0.5458807412
2640	0.5458262339
2641	0.5456907716
2642	0.5456756246
2643	0.5456637334
2644	0.5456532601
2645	0.5456427752
2646	0.5456314554
2647	0.5456199568
2648	0.5456076454
2649	0.5455944777
2650	0.5455825977
2651	0.5455716543
2652	0.5455506276
2653	0.5455344689
2654	0.5455225895
2655	0.5455107801
2656	0.5454995083
2657	0.5454893795
2658	0.5454775828
2659	0.5454663412
2660	0.5454551089
2661	0.5454444406
2662	0.5454307242
2663	0.5454201488
2664	0.5454087472
2665	0.5453972499
2666	0.5453859353
2667	0.545373796
2668	0.5453628335
2669	0.5453459765
2670	0.5453339982
2671	0.54532196
2672	0.545311083
2673	0.5452665745
2674	0.5452526645
2675	0.5452263133
2676	0.5452149851
2677	0.5452018864
2678	0.5451907434
2679	0.5451765092
2680	0.5451656941
2681	0.5451547734
2682	0.5451425584
2683	0.5451318291
2684	0.5451189689
2685	0.5451020891
2686	0.5449133674
2687	0.5448986122
2688	0.5448863901
2689	0.5448743855
2690	0.5447395998
2691	0.5445664834
2692	0.5445505825
2693	0.5445388658
2694	0.5445280972
2695	0.5445164647
2696	0.5444950522
2697	0.54448395
2698	0.5444708166
2699	0.5443290423
2700	0.544310764
2701	0.5442955268
2702	0.5442844496
2703	0.544272857
2704	0.54419763
2705	0.5441875569
2706	0.5441722072
2707	0.5441604676
2708	0.5441494197
2709	0.5441382202
2710	0.544126918
2711	0.5441156537
2712	0.5440978669
2713	0.5440864277
2714	0.5440748549
2715	0.5440620941
2716	0.5440507821
2717	0.5440391482
2718	0.5440251872
2719	0.5440143604
2720	0.544003548
2721	0.5439927417
2722	0.5439816181
2723	0.5439715392
2724	0.5439592709
2725	0.5439490324
2726	0.5439381448
2727	0.5439263977
2728	0.543900709
2729	0.5438890812
2730	0.5438751768
2731	0.5438652595
2732	0.5438545315
2733	0.543843616
2734	0.543832491
2735	0.5438205884
2736	0.5438103445
2737	0.5437954272
2738	0.54378487
2739	0.5437739569
2740	0.5437632962
2741	0.5437514841
2742	0.5437407469
2743	0.5437302786
2744	0.5437203709
2745	0.54371001
2746	0.5436970604
2747	0.5436864024
2748	0.543673127
2749	0.5436613079
2750	0.543648562
2751	0.5436367328
2752	0.5436186427
2753	0.5436053002
2754	0.5435948864
2755	0.5435830149
2756	0.543571641
2757	0.5435563308
2758	0.5435449004
2759	0.5435331814
2760	0.5435226733
2761	0.5435116819
2762	0.5435010226
2763	0.5434754528
2764	0.5434632677
2765	0.5434499585
2766	0.5434378928
2767	0.5434277413
2768	0.5434069209
2769	0.5433939586
2770	0.5433841677
2771	0.5433247734
2772	0.5433141451
2773	0.5433038265
2774	0.5432926999
2775	0.5432821377
2776	0.5432694693
2777	0.5432594409
2778	0.5432472007
2779	0.543236369
2780	0.5432172107
2781	0.5432077232
2782	0.5431964186
2783	0.5431861661
2784	0.5431646733
2785	0.5431434777
2786	0.5431335499
2787	0.543122803
2788	0.5431100811
2789	0.5430945538
2790	0.5430829382
2791	0.543069556
2792	0.5430577093
2793	0.5430463411
2794	0.5430337719
2795	0.5430001157
2796	0.5429889397
2797	0.5429781333
2798	0.542965973
2799	0.5429525726
2800	0.5429429856
2801	0.5429256357
2802	0.5429153935
2803	0.5429040016
2804	0.5428947362
2805	0.5428788851
2806	0.5428688243
2807	0.5428513497
2808	0.5428305798
2809	0.5428170383
2810	0.5428056832
2811	0.5427946392
2812	0.542781846
2813	0.5427702475
2814	0.5427597271
2815	0.5427495691
2816	0.5427392642
2817	0.5427280424
2818	0.5427159262
2819	0.5427037249
2820	0.5426919011
2821	0.5426651708
2822	0.5426533801
2823	0.5425674643
2824	0.5425548289
2825	0.5425432193
2826	0.5424705729
2827	0.5424585018
2828	0.5424098836
2829	0.5423980883
2830	0.5423878916
2831	0.5423762046
2832	0.5423512624
2833	0.5423418922
2834	0.5423307742
2835	0.5423193465
2836	0.5423091936
2837	0.5422978656
2838	0.5422872604
2839	0.5422249726
2840	0.542213891
2841	0.542204624
2842	0.542193556
2843	0.5421791259
2844	0.5421668311
2845	0.5421568037
2846	0.5421444468
2847	0.5421346719
2848	0.5421238741
2849	0.5421132726
2850	0.5420918626
2851	0.5420176908
2852	0.5420069672
2853	0.5419959469
2854	0.5419426875
2855	0.5419231714
2856	0.5419120515
2857	0.5418939343
2858	0.5418842503
2859	0.5418729491
2860	0.5418627378
2861	0.5418523602
2862	0.5418415137
2863	0.541824781
2864	0.5417509886
2865	0.5417398996
2866	0.5417299046
2867	0.5415777883
2868	0.5415660485
2869	0.5415546699
2870	0.5415395627
2871	0.5415295936
2872	0.5415144459
2873	0.5415039597
2874	0.5414905861
2875	0.5414796691
2876	0.5414683261
2877	0.5414583953
2878	0.5414476128
2879	0.5414366686
2880	0.5414238221
2881	0.5414124583
2882	0.5413935251
2883	0.5413829826
2884	0.5413715606
2885	0.5413597407
2886	0.541348027
2887	0.5413359109
2888	0.5413244355
2889	0.5413138819
2890	0.5413042526
2891	0.5412938601
2892	0.5412830953
2893	0.5412711519
2894	0.5412605971
2895	0.5412507182
2896	0.5412389812
2897	0.5412280917
2898	0.541216513
2899	0.5411394555
2900	0.5411290713
2901	0.5411179683
2902	0.5411075898
2903	0.5410315598
2904	0.5410206145
2905	0.5410090509
2906	0.5409983408
2907	0.540987214
2908	0.5409752657
2909	0.5409636108
2910	0.5409525453
2911	0.5409418559
2912	0.5409321373
2913	0.5409206065
2914	0.5409069162
2915	0.5408963658
2916	0.5408836824
2917	0.5408720819
2918	0.5408605448
2919	0.5408501328
2920	0.5408368728
2921	0.5408254105
2922	0.5408143211
2923	0.5408037612
2924	0.5407917673
2925	0.5407733039
2926	0.540761706
2927	0.5407502823
2928	0.5407405451
2929	0.5407298176
2930	0.5406993158
2931	0.540687442
2932	0.5406763552
2933	0.5406594766
2934	0.5406484131
2935	0.5406385962
2936	0.5406270183
2937	0.5405759293
2938	0.5405655336
2939	0.5405534195
2940	0.5405420318
2941	0.540487629
2942	0.5404773367
2943	0.5404610031
2944	0.5404495659
2945	0.5404350176
2946	0.5404229586
2947	0.5404031801
2948	0.5403945715
2949	0.5403835052
2950	0.5403687213
2951	0.5403580478
2952	0.5403464062
2953	0.5403357043
2954	0.5402637453
2955	0.5402521695
2956	0.540238287
2957	0.5401494311
2958	0.5401390378
2959	0.540128581
2960	0.5401168054
2961	0.5401063921
2962	0.5400959112
2963	0.5400866986
2964	0.540075886
2965	0.5400661306
2966	0.5400562929
2967	0.5400460158
2968	0.5400357369
2969	0.5400244844
2970	0.5400140953
2971	0.5400033259
2972	0.5399912301
2973	0.5399793311
2974	0.5399680011
2975	0.5399568415
2976	0.5399462103
2977	0.5399344974
2978	0.5398864114
2979	0.5398733917
2980	0.5398624858
2981	0.5398506047
2982	0.5398243379
2983	0.5398147306
2984	0.5398017247
2985	0.5397913891
2986	0.5397796235
2987	0.5397690368
2988	0.5397589556
2989	0.5397492173
2990	0.5397365735
2991	0.5397272133
2992	0.5397157468
2993	0.5397044722
2994	0.5396939159
2995	0.5396822731
2996	0.5396667872
2997	0.5395314805
2998	0.5395217256
2999	0.5395105051
3000	0.5394640688
3001	0.5394544162
3002	0.5394436455
3003	0.5394200368
3004	0.5394103517
3005	0.5393959602
3006	0.539383295
3007	0.5393724847
3008	0.5393616925
3009	0.5393426674
3010	0.5393313169
3011	0.5393209213
3012	0.5393102724
3013	0.5393008711
3014	0.5392892772
3015	0.5392778732
3016	0.5392482871
3017	0.539208031
3018	0.539197018
3019	0.5391857424
3020	0.539174805
3021	0.5391630518
3022	0.5391525305
3023	0.539134453
3024	0.5391244621
3025	0.5391150509
3026	0.5391039524
3027	0.5390931521
3028	0.5390722277
3029	0.5390607717
3030	0.5390503079
3031	0.539040162
3032	0.5390294533
3033	0.5390181604
3034	0.5390071655
3035	0.5389962233
3036	0.5389861639
3037	0.5389763061
3038	0.5389547382
3039	0.5389440586
3040	0.5389339838
3041	0.5389250114
3042	0.5389142327
3043	0.538824758
3044	0.5388143268
3045	0.5388022377
3046	0.538792598
3047	0.5387812518
3048	0.5387712169
3049	0.5387591421
3050	0.5387494755
3051	0.5387391507
3052	0.5387289005
3053	0.5387128443
3054	0.5387030471
3055	0.538691145
3056	0.5386821705
3057	0.538671678
3058	0.5386620107
3059	0.5386499413
3060	0.5386374666
3061	0.538627553
3062	0.5386045348
3063	0.538593424
3064	0.538582638
3065	0.5385718948
3066	0.5385609126
3067	0.5385353446
3068	0.5385247539
3069	0.5385142656
3070	0.5385040152
3071	0.5384938064
3072	0.5384827226
3073	0.5384726532
3074	0.5384611474
3075	0.538447855
3076	0.5384197263
3077	0.5384085666
3078	0.538396662
3079	0.5383859212
3080	0.5383424386
3081	0.538332191
3082	0.5383192016
3083	0.5383089631
3084	0.5382969998
3085	0.5382868613
3086	0.5382767711
3087	0.5382663582
3088	0.5381799648
3089	0.5381684175
3090	0.5381577464
3091	0.5381470446
3092	0.5381364461
3093	0.5381237943
3094	0.5381132415
3095	0.538102606
3096	0.5380910221
3097	0.5380666432
3098	0.5380543959
3099	0.5380425751
3100	0.5379806159
3101	0.5379702695
3102	0.5379583902
3103	0.5379477257
3104	0.5379352135
3105	0.5379255533
3106	0.5379119522
3107	0.5379021426
3108	0.537885836
3109	0.5378691698
3110	0.5378579734
3111	0.5378483974
3112	0.5378367736
3113	0.5378199202
3114	0.5377912352
3115	0.5377798926
3116	0.5376227683
3117	0.537613057
3118	0.5376032029
3119	0.5375916169
3120	0.5375803783
3121	0.5375688883
3122	0.5375582131
3123	0.537547839
3124	0.5375373713
3125	0.5375271255
3126	0.5375155477
3127	0.5375041244
3128	0.5374823991
3129	0.5374715634
3130	0.5374619797
3131	0.5374499615
3132	0.5374391983
3133	0.5374284768
3134	0.5374177359
3135	0.5374076809
3136	0.5373961602
3137	0.5373868304
3138	0.5373768247
3139	0.5373670876
3140	0.5373564543
3141	0.537344772
3142	0.5373343584
3143	0.5373226869
3144	0.5373050043
3145	0.5372942508
3146	0.5372764756
3147	0.537266633
3148	0.5372536032
3149	0.5372425242
3150	0.5372313952
3151	0.5372202131
3152	0.5372095945
3153	0.537197759
3154	0.5371885124
3155	0.5371781637
3156	0.5371543943
3157	0.5371366349
3158	0.5371250638
3159	0.5371060676
3160	0.5370942923
3161	0.537084414
3162	0.5370724562
3163	0.5370614697
3164	0.5370511369
3165	0.5370399924
3166	0.5370297646
3167	0.5370186709
3168	0.537008802
3169	0.5369974233
3170	0.536985882
3171	0.5369757415
3172	0.5369647555
3173	0.536946248
3174	0.5369368819
3175	0.5369267042
3176	0.5369160243
3177	0.5369056514
3178	0.5368954943
3179	0.5368850631
3180	0.5368746592
3181	0.5368647057
3182	0.5368541902
3183	0.536841398
3184	0.536830546
3185	0.5368194786
3186	0.5368081634
3187	0.5367970468
3188	0.5367818134
3189	0.5367709667
3190	0.536750815
3191	0.5367407157
3192	0.5367148415
3193	0.5367017257
3194	0.5366893964
3195	0.5366770561
3196	0.5366664097
3197	0.5366559546
3198	0.536505455
3199	0.5364940892
3200	0.5364846402
3201	0.5364725063
3202	0.5364616857
3203	0.536449719
3204	0.536439927
3205	0.5363891596
3206	0.5363786512
3207	0.5363659147
3208	0.5363530766
3209	0.5363424854
3210	0.5363325582
3211	0.5363215203
3212	0.5363105509
3213	0.5362989441
3214	0.5362890697
3215	0.5362072908
3216	0.5361968411
3217	0.5361873774
3218	0.5361428803
3219	0.5361330981
3220	0.5361233586
3221	0.5361118939
3222	0.5360937301
3223	0.536082126
3224	0.5360724105
3225	0.5360524133
3226	0.5360437664
3227	0.5360349141
3228	0.5360243476
3229	0.5360139615
3230	0.536004089
3231	0.5359932936
3232	0.5359807801
3233	0.5358888323
3234	0.5358791106
3235	0.535868318
3236	0.5358554609
3237	0.5358453923
3238	0.5358345673
3239	0.5358149602
3240	0.5357999389
3241	0.5357891806
3242	0.5357776581
3243	0.5357681576
3244	0.535757137
3245	0.535746507
3246	0.5357216263
3247	0.5357096068
3248	0.5356998341
3249	0.535689104
3250	0.5356753376
3251	0.535664718
3252	0.5356541627
3253	0.5356447656
3254	0.5356310153
3255	0.5356208173
3256	0.5356108874
3257	0.5356002733
3258	0.5355889562
3259	0.5355769152
3260	0.535565592
3261	0.5355551537
3262	0.5355447437
3263	0.5355338086
3264	0.5355179725
3265	0.535507567
3266	0.5354964156
3267	0.5354856032
3268	0.5354743905
3269	0.5353950487
3270	0.5353846366
3271	0.5353750873
3272	0.535364066
3273	0.5353530568
3274	0.535343229
3275	0.5353323913
3276	0.5353229567
3277	0.5353127364
3278	0.5353028556
3279	0.5352884192
3280	0.5352783562
3281	0.5352682647
3282	0.5352505275
3283	0.5352374455
3284	0.5352273563
3285	0.5352150383
3286	0.5352051779
3287	0.5351950906
3288	0.5351445054
3289	0.535133645
3290	0.5351222904
3291	0.535110452
3292	0.5351010092
3293	0.5350816336
3294	0.5350693483
3295	0.5350596257
3296	0.5350463445
3297	0.5350362152
3298	0.5350257419
3299	0.5350154726
3300	0.5350055247
3301	0.5349950502
3302	0.5349842805
3303	0.534973191
3304	0.5349573926
3305	0.5349475917
3306	0.5349380893
3307	0.5349276933
3308	0.5349169752
3309	0.5349068575
3310	0.5348906558
3311	0.5348818424
3312	0.5348720722
3313	0.5348623096
3314	0.5348523435
3315	0.5348410569
3316	0.5348309355
3317	0.5348207276
3318	0.534808566
3319	0.5347864675
3320	0.534776764
3321	0.5347663534
3322	0.5347560644
3323	0.5347454143
3324	0.5347309891
3325	0.5347201234
3326	0.5347103479
3327	0.5346980474
3328	0.5346870199
3329	0.5346736448
3330	0.5346621701
3331	0.5346502693
3332	0.5346384632
3333	0.5346282625
3334	0.534618187
3335	0.5346073604
3336	0.534597308
3337	0.5345763246
3338	0.5345646443
3339	0.5345528954
3340	0.5345434266
3341	0.5345337513
3342	0.5345228167
3343	0.5345123265
3344	0.5345024951
3345	0.5344908232
3346	0.5344810984
3347	0.5344551978
3348	0.5344431818
3349	0.5344292393
3350	0.5344187094
3351	0.5344083672
3352	0.534396104
3353	0.5343857797
3354	0.5343756262
3355	0.5343653881
3356	0.5343558867
3357	0.5343439725
3358	0.5343309042
3359	0.5342645297
3360	0.5342536685
3361	0.5342441251
3362	0.5342333777
3363	0.5342171083
3364	0.5342066799
3365	0.5341957484
3366	0.5341377652
3367	0.5341275236
3368	0.5340543077
3369	0.534044723
3370	0.5340360284
3371	0.5340256711
3372	0.5340147515
3373	0.5340049303
3374	0.5339454848
3375	0.5339316683
3376	0.5339218571
3377	0.5339118203
3378	0.5339014188
3379	0.5338911418
3380	0.5338765634
3381	0.5338639596
3382	0.5338560399
3383	0.5338461152
3384	0.5338311655
3385	0.5337838882
3386	0.5337734984
3387	0.5337628288
3388	0.5337521533
3389	0.5337419757
3390	0.5337286233
3391	0.5337124977
3392	0.533702793
3393	0.5336917144
3394	0.5336745334
3395	0.5336557083
3396	0.533644207
3397	0.5336337274
3398	0.5336198324
3399	0.5336085289
3400	0.5335979238
3401	0.5335877865
3402	0.5335763937
3403	0.5335660216
3404	0.5335560663
3405	0.5335466797
3406	0.5335374659
3407	0.5335278664
3408	0.5335177329
3409	0.533507685
3410	0.5334977051
3411	0.5334864942
3412	0.5334752376
3413	0.5334627477
3414	0.533452134
3415	0.5334413861
3416	0.5334300741
3417	0.5334196067
3418	0.5334080667
3419	0.5333885541
3420	0.5333768292
3421	0.5333659911
3422	0.5333539428
3423	0.5333304449
3424	0.5333206856
3425	0.5333093005
3426	0.5332986349
3427	0.5332883098
3428	0.5332776192
3429	0.5332672273
3430	0.533258133
3431	0.5332468037
3432	0.533234758
3433	0.5332231969
3434	0.5332114132
3435	0.5332002668
3436	0.5331899023
3437	0.5331800609
3438	0.5331696945
3439	0.5331605774
3440	0.5331502075
3441	0.5331393407
3442	0.5331290521
3443	0.5331184083
3444	0.5331081302
3445	0.533088921
3446	0.5330786603
3447	0.5330674038
3448	0.5330585621
3449	0.5330489993
3450	0.5330381264
3451	0.533026827
3452	0.5330148311
3453	0.5330039891
3454	0.5329927707
3455	0.5329785856
3456	0.5329653489
3457	0.5329541162
3458	0.5329427391
3459	0.5329311619
3460	0.5329209673
3461	0.5329111027
3462	0.532900924
3463	0.5328904025
3464	0.5328793328
3465	0.5328693931
3466	0.5328603148
3467	0.5328498538
3468	0.5328403458
3469	0.5328303405
3470	0.5328211281
3471	0.5328106582
3472	0.5328002574
3473	0.5327907668
3474	0.5327811609
3475	0.5327704377
3476	0.5327586327
3477	0.5327493225
3478	0.5327381852
3479	0.5327292733
3480	0.5327192389
3481	0.5327088577
3482	0.5326987904
3483	0.532688306
3484	0.5326733752
3485	0.5326630307
3486	0.5326522407
3487	0.5326409587
3488	0.5326314375
3489	0.5325841103
3490	0.5325739985
3491	0.5325631408
3492	0.5325517583
3493	0.5325405425
3494	0.5325301925
3495	0.5325198272
3496	0.5325079095
3497	0.532497458
3498	0.5324877261
3499	0.5324778477
3500	0.5324675341
3501	0.5324558044
3502	0.5324423469
3503	0.5324311876
3504	0.5324207632
3505	0.5324113059
3506	0.5324017483
3507	0.5323935155
3508	0.5323821819
3509	0.5323715847
3510	0.5323604886
3511	0.5323426842
3512	0.5323312419
3513	0.5323210346
3514	0.5323103124
3515	0.5323006299
3516	0.5322811442
3517	0.5322690427
3518	0.5322564198
3519	0.5322461738
3520	0.5322354294
3521	0.532225634
3522	0.5322141385
3523	0.5322044579
3524	0.5321948587
3525	0.5321844071
3526	0.5321738699
3527	0.5321638409
3528	0.5321524407
3529	0.5321422731
3530	0.5321316967
3531	0.5321215693
3532	0.5321112405
3533	0.5321012855
3534	0.5320916019
3535	0.5320822221
3536	0.5320716165
3537	0.5320615415
3538	0.5320506868
3539	0.5320297896
3540	0.5320206822
3541	0.5320099759
3542	0.53199959
3543	0.5319887136
3544	0.5319785874
3545	0.5319686221
3546	0.5319548928
3547	0.5319422871
3548	0.5319311737
3549	0.531921236
3550	0.5319045106
3551	0.531893416
3552	0.5318833954
3553	0.5318728395
3554	0.5318617181
3555	0.5318516118
3556	0.5318399839
3557	0.5318284931
3558	0.5318189878
3559	0.5318084086
3560	0.5317967313
3561	0.5317868624
3562	0.5317758058
3563	0.5317646665
3564	0.531753326
3565	0.5317339729
3566	0.5317239372
3567	0.531651626
3568	0.5316421117
3569	0.5316311542
3570	0.5316191298
3571	0.53160876
3572	0.5315986204
3573	0.5315888937
3574	0.5314580957
3575	0.5314475867
3576	0.5314361455
3577	0.5314263286
3578	0.5314154019
3579	0.5314045419
3580	0.531395022
3581	0.5313837411
3582	0.5313617522
3583	0.5313522543
3584	0.5313419582
3585	0.5313328077
3586	0.5313146725
3587	0.5313045795
3588	0.531294158
3589	0.5312816422
3590	0.5312713993
3591	0.5312597018
3592	0.5312499188
3593	0.5312388884
3594	0.5312277109
3595	0.531218087
3596	0.5312072753
3597	0.5311361324
3598	0.5311235647
3599	0.5311126618
3600	0.5311018461
3601	0.5310913199
3602	0.5310811916
3603	0.5310710907
3604	0.5310592899
3605	0.531049035
3606	0.5310396683
3607	0.5310300528
3608	0.5310177482
3609	0.5310073707
3610	0.5309978685
3611	0.5309872621
3612	0.5309726422
3613	0.5309606178
3614	0.5309493538
3615	0.530929091
3616	0.5309191492
3617	0.5309082702
3618	0.5308917565
3619	0.5308795652
3620	0.5308638928
3621	0.530854529
3622	0.530844555
3623	0.5308343604
3624	0.5308233187
3625	0.5308102213
3626	0.5307995133
3627	0.530789994
3628	0.5307718964
3629	0.5307621123
3630	0.5307523703
3631	0.5307416341
3632	0.5307190468
3633	0.5306733491
3634	0.5306624823
3635	0.5306533491
3636	0.5306430353
3637	0.53062792
3638	0.5306167589
3639	0.5306058798
3640	0.5305961264
3641	0.5305859345
3642	0.5305754244
3643	0.5305648508
3644	0.530555826
3645	0.5305451129
3646	0.5305089052
3647	0.5304370926
3648	0.5304270296
3649	0.5304173448
3650	0.5304072007
3651	0.5303974356
3652	0.5303873835
3653	0.5303633862
3654	0.5303530103
3655	0.5303401064
3656	0.5303261047
3657	0.5303153363
3658	0.5303054992
3659	0.5302864628
3660	0.5302759387
3661	0.5302650893
3662	0.530254914
3663	0.5302449151
3664	0.530235533
3665	0.5300586787
3666	0.5300468758
3667	0.5300367547
3668	0.5300206622
3669	0.5300112626
3670	0.5300016735
3671	0.5299905244
3672	0.5299683294
3673	0.5299571895
3674	0.5299484712
3675	0.5299370105
3676	0.5299274405
3677	0.5299174708
3678	0.5299070519
3679	0.5298946239
3680	0.5298839588
3681	0.5298747743
3682	0.5298645825
3683	0.5298521729
3684	0.5298414117
3685	0.5298315625
3686	0.5298224089
3687	0.5298035775
3688	0.5297948087
3689	0.5297843018
3690	0.5297731131
3691	0.5297634869
3692	0.5297490906
3693	0.529738855
3694	0.5297282488
3695	0.5297170898
3696	0.5297071965
3697	0.5296400138
3698	0.5296298157
3699	0.5296200328
3700	0.5296109383
3701	0.5296005754
3702	0.5295833376
3703	0.5295728326
3704	0.5295623924
3705	0.5295532002
3706	0.5295434484
3707	0.5295326649
3708	0.5295146623
3709	0.5295045114
3710	0.5294943833
3711	0.5294847542
3712	0.5294755085
3713	0.5294648777
3714	0.5294514176
3715	0.5294399708
3716	0.5294308121
3717	0.5294203972
3718	0.5294098941
3719	0.529400744
3720	0.5293914555
3721	0.5293751518
3722	0.5293649917
3723	0.5293543298
3724	0.529341763
3725	0.5293303564
3726	0.5293200258
3727	0.5293087888
3728	0.5292970022
3729	0.5292867122
3730	0.5292753582
3731	0.5292641143
3732	0.5292537595
3733	0.529243701
3734	0.5292345297
3735	0.5292235658
3736	0.5292120896
3737	0.5292024491
3738	0.5291912356
3739	0.5291809742
3740	0.5291707861
3741	0.5291607746
3742	0.5291507766
3743	0.529137059
3744	0.5291277886
3745	0.5291161227
3746	0.5291063051
3747	0.5290962897
3748	0.5290865759
3749	0.5290769945
3750	0.529066684
3751	0.5290565508
3752	0.5290464313
3753	0.5290371508
3754	0.5290278049
3755	0.5290189319
3756	0.5290089636
3757	0.528999477
3758	0.5289899034
3759	0.5289268538
3760	0.5289146884
3761	0.5289055855
3762	0.5288961226
3763	0.5288811777
3764	0.5288705176
3765	0.5288596464
3766	0.5288492663
3767	0.5288410283
3768	0.5288300184
3769	0.5288164596
3770	0.5288058435
3771	0.5287893147
3772	0.5287673214
3773	0.528757439
3774	0.5287479376
3775	0.528669675
3776	0.5286456675
3777	0.5286359415
3778	0.5286261912
3779	0.5286158406
3780	0.5285333595
3781	0.5285236022
3782	0.5285131743
3783	0.5285038722
3784	0.5284938967
3785	0.5284824333
3786	0.5284733033
3787	0.5284632455
3788	0.5284538589
3789	0.528443474
3790	0.528432861
3791	0.5284182424
3792	0.5284075539
3793	0.5283846542
3794	0.528374573
3795	0.528363898
3796	0.528353668
3797	0.5283435708
3798	0.5283334264
3799	0.5283230805
3800	0.5283127341
3801	0.5283021544
3802	0.5282909321
3803	0.5282799486
3804	0.5282688709
3805	0.528256066
3806	0.5282456693
3807	0.5282354685
3808	0.5282253966
3809	0.5282154005
3810	0.528207258
3811	0.5281974133
3812	0.5281875549
3813	0.5281774472
3814	0.5281673799
3815	0.5281553651
3816	0.5281364292
3817	0.5281268809
3818	0.5281154847
3819	0.528105688
3820	0.5280956139
3821	0.5280862368
3822	0.5280754661
3823	0.5280659064
3824	0.5280547909
3825	0.5280440547
3826	0.5280346574
3827	0.5280245864
3828	0.5280128102
3829	0.5280009279
3830	0.5279857802
3831	0.5279767793
3832	0.5279660059
3833	0.5279560591
3834	0.5279445307
3835	0.527933356
3836	0.527924439
3837	0.5279138829
3838	0.5279034313
3839	0.5278924569
3840	0.5278818065
3841	0.5278730253
3842	0.5278624582
3843	0.5278536773
3844	0.5278437799
3845	0.527833364
3846	0.5278240769
3847	0.5278025248
3848	0.5277931964
3849	0.5277830573
3850	0.5277687886
3851	0.5277586665
3852	0.5277466373
3853	0.5277358599
3854	0.5277255061
3855	0.5277155128
3856	0.527704638
3857	0.5276944617
3858	0.5276804566
3859	0.5276711305
3860	0.5276617934
3861	0.5275483114
3862	0.527533118
3863	0.5275216278
3864	0.5275114577
3865	0.5275011554
3866	0.5274919625
3867	0.5274810428
3868	0.52747012
3869	0.5274073649
3870	0.5273947202
3871	0.5273837946
3872	0.5273751218
3873	0.5273656011
3874	0.5273553961
3875	0.5272397433
3876	0.5271830251
3877	0.527174513
3878	0.5270909939
3879	0.5270814664
3880	0.5270288322
3881	0.5270198221
3882	0.5270086489
3883	0.5269984325
3884	0.5269882219
3885	0.5269782574
3886	0.5269673679
3887	0.5269584035
3888	0.5269491558
3889	0.5269343703
3890	0.5269249846
3891	0.5269149248
3892	0.5269031906
3893	0.5268937518
3894	0.5268839434
3895	0.5268741635
3896	0.5268641841
3897	0.5268540274
3898	0.5268429888
3899	0.5268343018
3900	0.5267802091
3901	0.5267688719
3902	0.526758945
3903	0.5267487668
3904	0.526737796
3905	0.526728631
3906	0.526717397
3907	0.5267076816
3908	0.5266442611
3909	0.5266350186
3910	0.5266250359
3911	0.5266146952
3912	0.5265598055
3913	0.5265511392
3914	0.5265398577
3915	0.5265311572
3916	0.5265207877
3917	0.5265113528
3918	0.5265023826
3919	0.526491629
3920	0.5264819108
3921	0.5264721476
3922	0.5264616637
3923	0.5264502559
3924	0.5264401412
3925	0.5264306314
3926	0.5264202892
3927	0.5264093112
3928	0.5263828678
3929	0.5263716852
3930	0.5263617789
3931	0.5263518012
3932	0.5263415747
3933	0.5263271467
3934	0.526313547
3935	0.526304755
3936	0.5262949415
3937	0.5262845969
3938	0.5262756122
3939	0.5262652597
3940	0.526256045
3941	0.5262453826
3942	0.5262348966
3943	0.5262123128
3944	0.5262027892
3945	0.5261929455
3946	0.5261713551
3947	0.5261611158
3948	0.5261515409
3949	0.5261408156
3950	0.5260923022
3951	0.5260817244
3952	0.5260712029
3953	0.5260614513
3954	0.5260495849
3955	0.5260399339
3956	0.5260300866
3957	0.5260180023
3958	0.5260081243
3959	0.5259973812
3960	0.5259872195
3961	0.5259778432
3962	0.5259688667
3963	0.5259577451
3964	0.5259482282
3965	0.5259386397
3966	0.5259276983
3967	0.5259173044
3968	0.5259075065
3969	0.525897707
3970	0.5258882756
3971	0.5258790537
3972	0.5258687896
3973	0.5257960852
3974	0.5257842585
3975	0.5257734658
3976	0.5257625164
3977	0.5257532145
3978	0.5257427296
3979	0.5256140381
3980	0.5256043921
3981	0.5255935927
3982	0.5255835074
3983	0.5255724855
3984	0.5255615009
3985	0.5255439767
3986	0.5255345986
3987	0.5255247456
3988	0.525512243
3989	0.5255032781
3990	0.5254921101
3991	0.525481953
3992	0.5254732304
3993	0.5254242602
3994	0.5254133141
3995	0.5253964752
3996	0.52538036
3997	0.52537004
3998	0.5253598416
3999	0.5253490605
4000	0.5253387422
4001	0.5253291021
4002	0.5253141495
4003	0.5253035408
4004	0.5252862564
4005	0.5252762776
4006	0.5252655997
4007	0.5252371957
4008	0.5252269126
4009	0.5252171626
4010	0.5252071151
4011	0.5251978971
4012	0.5251893818
4013	0.5251798976
4014	0.5251708088
4015	0.525161028
4016	0.5251501842
4017	0.5251406313
4018	0.5251319545
4019	0.5251125617
4020	0.5250653419
4021	0.5250553844
4022	0.525045183
4023	0.5250205918
4024	0.5250098013
4025	0.5249996814
4026	0.5249878476
4027	0.5249789033
4028	0.5249677208
4029	0.52495859
4030	0.524948185
4031	0.5249378271
4032	0.5249282171
4033	0.5249181184
4034	0.5249085151
4035	0.5248974506
4036	0.524886653
4037	0.5248758467
4038	0.5248641385
4039	0.5248545923
4040	0.5248441871
4041	0.5248178434
4042	0.5247996286
4043	0.5247904575
4044	0.5247735191
4045	0.5247628625
4046	0.524752397
4047	0.5247432353
4048	0.5247329947
4049	0.5247235053
4050	0.5247134246
4051	0.5247039117
4052	0.524694004
4053	0.5246848769
4054	0.5246744423
4055	0.5246643739
4056	0.5246556056
4057	0.5246453431
4058	0.52463583
4059	0.5246218031
4060	0.5245849627
4061	0.5245753337
4062	0.5245669878
4063	0.524556023
4064	0.5245463946
4065	0.5245355849
4066	0.5245277253
4067	0.5245183734
4068	0.5245074385
4069	0.5244979023
4070	0.5244848267
4071	0.5244754584
4072	0.5244649458
4073	0.5244550396
4074	0.5244434234
4075	0.5244338981
4076	0.5244252717
4077	0.5244165965
4078	0.5244074512
4079	0.5243972975
4080	0.5243880826
4081	0.524377673
4082	0.524368095
4083	0.5243590807
4084	0.5243496912
4085	0.5243402183
4086	0.5243311022
4087	0.5243208541
4088	0.5243105403
4089	0.5242905257
4090	0.5242584558
4091	0.5242473
4092	0.5242381708
4093	0.5242283874
4094	0.5242172521
4095	0.5242080735
4096	0.5241959017
4097	0.5241852596
4098	0.5241758407
4099	0.5241664433
4100	0.5241552898
4101	0.5241458312
4102	0.5241366877
4103	0.5241264621
4104	0.5241159417
4105	0.524106454
4106	0.5240959286
4107	0.5240861449
4108	0.5240759101
4109	0.5240664936
4110	0.5240559359
4111	0.5240454439
4112	0.5239560014
4113	0.5239470064
4114	0.5239355043
4115	0.5238419052
4116	0.5238313037
4117	0.5238215867
4118	0.5238123023
4119	0.5238022018
4120	0.5237916107
4121	0.5237811998
4122	0.5237714896
4123	0.5237616755
4124	0.5237526899
4125	0.5237430398
4126	0.5237330964
4127	0.5237227917
4128	0.5237127
4129	0.5237037214
4130	0.5236932699
4131	0.5236828248
4132	0.5236732835
4133	0.5236630076
4134	0.5236530693
4135	0.523643412
4136	0.5236328357
4137	0.5236225761
4138	0.5236116993
4139	0.5235937509
4140	0.5235842658
4141	0.523573843
4142	0.5235655716
4143	0.5235560737
4144	0.5235471579
4145	0.5235392098
4146	0.5235291599
4147	0.5235194496
4148	0.5235103719
4149	0.5235007519
4150	0.5234908663
4151	0.5234811467
4152	0.5234724459
4153	0.5234621546
4154	0.5234525166
4155	0.5234427198
4156	0.5234292575
4157	0.523420001
4158	0.5233377986
4159	0.5233275273
4160	0.5233173592
4161	0.5233078663
4162	0.5232980827
4163	0.5232808857
4164	0.5232690583
4165	0.5232596423
4166	0.5232496714
4167	0.5232413664
4168	0.5232311097
4169	0.5232210148
4170	0.5232124211
4171	0.5231902085
4172	0.5231807855
4173	0.5231709476
4174	0.523161033
4175	0.5231498666
4176	0.5231402245
4177	0.5231295061
4178	0.523119616
4179	0.523108705
4180	0.5230979544
4181	0.5230870572
4182	0.5230736105
4183	0.5230645278
4184	0.5230550711
4185	0.5230461589
4186	0.5230364001
4187	0.5230268817
4188	0.5230167443
4189	0.5230071473
4190	0.52299791
4191	0.5229878265
4192	0.5229589344
4193	0.5229490976
4194	0.522875396
4195	0.5228657141
4196	0.5228561856
4197	0.5228446251
4198	0.5227864917
4199	0.5227762763
4200	0.5227667233
4201	0.5227575073
4202	0.5227465504
4203	0.5227377019
4204	0.5227280911
4205	0.5227173125
4206	0.5227083649
4207	0.5226974699
4208	0.5226838957
4209	0.5226743464
4210	0.52265782
4211	0.5226486828
4212	0.5226394784
4213	0.5226290798
4214	0.5226194875
4215	0.5226097582
4216	0.5226002717
4217	0.5225900454
4218	0.5225768995
4219	0.5225655712
4220	0.522556031
4221	0.5225463443
4222	0.522536592
4223	0.5225267247
4224	0.5225178391
4225	0.5225069874
4226	0.5224979443
4227	0.5224222842
4228	0.5224123594
4229	0.5223968288
4230	0.5223868901
4231	0.5223768607
4232	0.5223626798
4233	0.5223518556
4234	0.5223424501
4235	0.5223330559
4236	0.5223244917
4237	0.5223093946
4238	0.5223005623
4239	0.5222911973
4240	0.5222829592
4241	0.522272966
4242	0.5222621067
4243	0.5222517214
4244	0.5222412036
4245	0.5222313595
4246	0.5222181028
4247	0.522210014
4248	0.522198513
4249	0.5221884937
4250	0.5221789728
4251	0.5221699546
4252	0.5221606544
4253	0.5221503385
4254	0.5221417558
4255	0.5221299691
4256	0.5221185084
4257	0.5221086136
4258	0.5220987348
4259	0.522088912
4260	0.5220243325
4261	0.5220051504
4262	0.5219955637
4263	0.5219856412
4264	0.5219752901
4265	0.5219659403
4266	0.5219557351
4267	0.5219463108
4268	0.5219314823
4269	0.5219224192
4270	0.5219126686
4271	0.5219037673
4272	0.5218944438
4273	0.5218836402
4274	0.5218368313
4275	0.5218267117
4276	0.5218107831
4277	0.5218016759
4278	0.521791885
4279	0.5217827686
4280	0.5217732234
4281	0.5217628793
4282	0.5217526997
4283	0.5217438894
4284	0.5217245449
4285	0.5217133581
4286	0.5217043261
4287	0.521693437
4288	0.5216839439
4289	0.5216733587
4290	0.5216626838
4291	0.5216519679
4292	0.5215923925
4293	0.5215822406
4294	0.5215721091
4295	0.5215607612
4296	0.5215517348
4297	0.5215416372
4298	0.5215323706
4299	0.5215224514
4300	0.5215131898
4301	0.521504137
4302	0.5214943351
4303	0.5214844631
4304	0.5214743036
4305	0.5214642593
4306	0.5214540532
4307	0.5214456057
4308	0.52143518
4309	0.5214260331
4310	0.5214163328
4311	0.5214056683
4312	0.5213949722
4313	0.521384971
4314	0.5213759315
4315	0.5213663438
4316	0.5213277976
4317	0.5213170112
4318	0.5213072405
4319	0.5212974723
4320	0.521286801
4321	0.5212698704
4322	0.521260525
4323	0.5212515955
4324	0.521241937
4325	0.5212318796
4326	0.5212224154
4327	0.5212113239
4328	0.5212016893
4329	0.5211909916
4330	0.5211815124
4331	0.5211714943
4332	0.5211614758
4333	0.5211511571
4334	0.5210856524
4335	0.5210759968
4336	0.5210667233
4337	0.5210533005
4338	0.5210376218
4339	0.5209963138
4340	0.5209859143
4341	0.5209758201
4342	0.5209662358
4343	0.5209569842
4344	0.5209473682
4345	0.5209376933
4346	0.5209272627
4347	0.5209181436
4348	0.5209065769
4349	0.5208972073
4350	0.5208874156
4351	0.5208778539
4352	0.5208675593
4353	0.5208593329
4354	0.5208496452
4355	0.520837985
4356	0.5208289673
4357	0.520819452
4358	0.5208104818
4359	0.5208004514
4360	0.5207886687
4361	0.5207786987
4362	0.5207700587
4363	0.5207569654
4364	0.5207462105
4365	0.5207366756
4366	0.5207264909
4367	0.520711796
4368	0.5207029992
4369	0.5206902955
4370	0.5206808132
4371	0.5206705016
4372	0.5206611222
4373	0.5206528104
4374	0.5206440649
4375	0.5206334366
4376	0.5206242004
4377	0.5206144917
4378	0.5206044818
4379	0.5205937723
4380	0.5205840938
4381	0.5205746497
4382	0.5205655077
4383	0.5205550448
4384	0.5205452126
4385	0.5205329984
4386	0.5205238779
4387	0.520513994
4388	0.520504787
4389	0.5204947565
4390	0.5204848755
4391	0.5204690539
4392	0.5204539018
4393	0.5204431508
4394	0.5204335234
4395	0.5204240553
4396	0.5204141482
4397	0.5204037887
4398	0.5203944833
4399	0.5203850597
4400	0.520375372
4401	0.5203654047
4402	0.5203563964
4403	0.5203464879
4404	0.5203377019
4405	0.5203276936
4406	0.5203176423
4407	0.5203083694
4408	0.5202983493
4409	0.5202882579
4410	0.5202763967
4411	0.5202673943
4412	0.5202570086
4413	0.5202462921
4414	0.52023505
4415	0.5202250732
4416	0.5202157282
4417	0.5202055491
4418	0.520195567
4419	0.5201854673
4420	0.5201742939
4421	0.5201265006
4422	0.520116402
4423	0.5201066905
4424	0.5200772346
4425	0.5200672748
4426	0.5200555656
4427	0.520033168
4428	0.5200229957
4429	0.5200137064
4430	0.5200051199
4431	0.5199950981
4432	0.5199852489
4433	0.5199751707
4434	0.5199652902
4435	0.5199555302
4436	0.5199459234
4437	0.5199371804
4438	0.5199282375
4439	0.5199169
4440	0.5199075004
4441	0.5198981064
4442	0.5198883834
4443	0.5198529512
4444	0.5198431926
4445	0.5198336355
4446	0.5198247032
4447	0.5198156031
4448	0.5198061537
4449	0.5197973103
4450	0.5197885397
4451	0.5197785766
4452	0.519739192
4453	0.5197294044
4454	0.5197210604
4455	0.5197117366
4456	0.5197012666
4457	0.5196921328
4458	0.5196746148
4459	0.5196644919
4460	0.5196553638
4461	0.5196455593
4462	0.5196354582
4463	0.5196260818
4464	0.5196168151
4465	0.5196067693
4466	0.5195965278
4467	0.5195837296
4468	0.5195730302
4469	0.5195628157
4470	0.5195522984
4471	0.5195409266
4472	0.5195309735
4473	0.519521815
4474	0.5195128531
4475	0.5195037229
4476	0.5194937952
4477	0.51948342
4478	0.5194746141
4479	0.5194645953
4480	0.5194554601
4481	0.5194437226
4482	0.5194337954
4483	0.5194217102
4484	0.519305534
4485	0.5192960962
4486	0.5192865751
4487	0.5192373435
4488	0.5192276994
4489	0.5192180387
4490	0.519207117
4491	0.5191946427
4492	0.5191846453
4493	0.5191735672
4494	0.5191561273
4495	0.5191473587
4496	0.5191383655
4497	0.5191301881
4498	0.5191204013
4499	0.5191050583
4500	0.5190493564
4501	0.5190398592
4502	0.5190300815
4503	0.5190191537
4504	0.5190096433
4505	0.5190008151
4506	0.5189906151
4507	0.5189806257
4508	0.518970995
4509	0.5189605717
4510	0.5189506485
4511	0.5189414683
4512	0.518932248
4513	0.5189226805
4514	0.518911596
4515	0.5189025836
4516	0.5188933713
4517	0.5188842447
4518	0.5188741457
4519	0.5188651203
4520	0.5188238803
4521	0.5188142205
4522	0.518805038
4523	0.5187960066
4524	0.5187864718
4525	0.5187753962
4526	0.518765752
4527	0.5187551561
4528	0.5187464653
4529	0.5187373582
4530	0.5187273047
4531	0.5187169021
4532	0.5187077779
4533	0.518697686
4534	0.5186880347
4535	0.5186784195
4536	0.5186689711
4537	0.5186481425
4538	0.5186389817
4539	0.5186302956
4540	0.5186192869
4541	0.5186099983
4542	0.5186015426
4543	0.5185930418
4544	0.5185837837
4545	0.5185724874
4546	0.5185431001
4547	0.5185327645
4548	0.5185220134
4549	0.5185028069
4550	0.5184937272
4551	0.5184837869
4552	0.518474587
4553	0.5184640119
4554	0.5184548574
4555	0.5184450145
4556	0.5184348877
4557	0.5184259499
4558	0.5184159456
4559	0.518405884
4560	0.5183947849
4561	0.51838468
4562	0.5183745767
4563	0.5183627174
4564	0.5183553291
4565	0.5183463213
4566	0.5183298334
4567	0.5183199038
4568	0.5183102175
4569	0.5183013055
4570	0.5182893153
4571	0.518280586
4572	0.5182714681
4573	0.5182613995
4574	0.5181186573
4575	0.5181090172
4576	0.5180967585
4577	0.5180864573
4578	0.5180775833
4579	0.5180676223
4580	0.5180505632
4581	0.518039974
4582	0.5180313173
4583	0.5180111125
4584	0.518002045
4585	0.5179915604
4586	0.5179822819
4587	0.517843764
4588	0.5178349723
4589	0.5178251151
4590	0.5178152804
4591	0.5178061672
4592	0.5177974517
4593	0.517771247
4594	0.517762479
4595	0.5177500332
4596	0.5177399698
4597	0.5177306591
4598	0.5177202435
4599	0.517710239
4600	0.5177007244
4601	0.5176907514
4602	0.5176805216
4603	0.5176640911
4604	0.5176430585
4605	0.5176337175
4606	0.5176238839
4607	0.5176141517
4608	0.5175935925
4609	0.5175849048
4610	0.5175740605
4611	0.5175626689
4612	0.5175526668
4613	0.517542976
4614	0.5175345323
4615	0.5175229297
4616	0.5175135936
4617	0.5174985605
4618	0.5174883792
4619	0.5174772427
4620	0.5174662887
4621	0.5174582499
4622	0.5174488108
4623	0.5174395383
4624	0.5174304102
4625	0.5174186897
4626	0.5174078657
4627	0.5173980847
4628	0.5173886875
4629	0.5173801758
4630	0.5173667675
4631	0.5173579149
4632	0.5173486313
4633	0.5173396595
4634	0.5173273367
4635	0.5173180536
4636	0.5173093913
4637	0.5172948855
4638	0.5172857699
4639	0.5172681403
4640	0.5172586116
4641	0.5172487447
4642	0.5172382812
4643	0.5172296495
4644	0.5172203378
4645	0.5172100705
4646	0.5171995142
4647	0.5171905317
4648	0.5170901437
4649	0.5170777043
4650	0.5170684229
4651	0.5170592103
4652	0.5170499828
4653	0.5170408985
4654	0.5170167694
4655	0.5170081363
4656	0.5169983864
4657	0.5169885367
4658	0.5169787702
4659	0.5169694619
4660	0.5169570083
4661	0.5169480591
4662	0.5169386679
4663	0.5169285093
4664	0.5169115597
4665	0.5168999076
4666	0.5168908638
4667	0.516881784
4668	0.5168714947
4669	0.5168606493
4670	0.516850758
4671	0.5168381246
4672	0.5168279909
4673	0.5168178765
4674	0.5168081078
4675	0.5167983405
4676	0.5167765497
4677	0.5167655936
4678	0.5167572588
4679	0.5167478397
4680	0.5167384906
4681	0.5167287218
4682	0.5167188845
4683	0.5167097315
4684	0.5167001932
4685	0.5166908637
4686	0.5166810431
4687	0.5166720524
4688	0.5166632241
4689	0.5166547701
4690	0.5166453338
4691	0.5166314072
4692	0.5165586497
4693	0.5165503743
4694	0.5165407184
4695	0.5165314115
4696	0.5165218601
4697	0.5165125173
4698	0.5165024657
4699	0.5164928843
4700	0.516482695
4701	0.5164730835
4702	0.516464122
4703	0.5164554653
4704	0.5164458468
4705	0.5164348172
4706	0.5164274441
4707	0.5164172945
4708	0.5164022388
4709	0.5163920113
4710	0.5163746569
4711	0.5163643525
4712	0.5163546116
4713	0.5163439749
4714	0.516334739
4715	0.5163249002
4716	0.5163157601
4717	0.5163061304
4718	0.5162973814
4719	0.5162885585
4720	0.5162792261
4721	0.516259187
4722	0.5162510895
4723	0.5162422054
4724	0.5162335822
4725	0.5162241021
4726	0.516214664
4727	0.5162052609
4728	0.5161956871
4729	0.5161865912
4730	0.5161758905
4731	0.5161660112
4732	0.5161533168
4733	0.5161437457
4734	0.5161341852
4735	0.5161245319
4736	0.5161117516
4737	0.5161013035
4738	0.5160912278
4739	0.5160821731
4740	0.5160722283
4741	0.5160614787
4742	0.5160502292
4743	0.5160399032
4744	0.516030386
4745	0.5160212198
4746	0.516010853
4747	0.5160014472
4748	0.5159914934
4749	0.5159819724
4750	0.515972657
4751	0.5159635035
4752	0.5159542169
4753	0.5159422363
4754	0.5159321624
4755	0.5159235107
4756	0.5159122924
4757	0.5159031938
4758	0.5158928569
4759	0.5158844852
4760	0.5158756721
4761	0.5158669403
4762	0.5158078378
4763	0.5157937543
4764	0.5157849239
4765	0.5157766116
4766	0.5157663659
4767	0.5157575689
4768	0.5157481849
4769	0.5157395205
4770	0.5157307524
4771	0.5157210877
4772	0.5157076255
4773	0.5156946862
4774	0.5156857503
4775	0.5156753483
4776	0.5156649861
4777	0.5156545371
4778	0.5156451886
4779	0.5156349471
4780	0.515626169
4781	0.5156167178
4782	0.5156067929
4783	0.5155975209
4784	0.5155886173
4785	0.5155785336
4786	0.5155699372
4787	0.5155596257
4788	0.5155493638
4789	0.5155399401
4790	0.515530113
4791	0.5155210935
4792	0.5155116161
4793	0.5155010956
4794	0.5154919562
4795	0.5154823453
4796	0.5154728298
4797	0.5154635343
4798	0.5154526574
4799	0.5154429217
4800	0.5154331485
4801	0.5154230863
4802	0.5154133406
4803	0.515400675
4804	0.5153908865
4805	0.51538253
4806	0.5152965318
4807	0.5152874183
4808	0.5152777138
4809	0.5152682499
4810	0.5152599528
4811	0.5152509112
4812	0.5152394878
4813	0.515224483
4814	0.5152122828
4815	0.5152031356
4816	0.5151642264
4817	0.5151544241
4818	0.5151451321
4819	0.5151348591
4820	0.5151234821
4821	0.5151151506
4822	0.5151051373
4823	0.5150959178
4824	0.5150856267
4825	0.5150759585
4826	0.5150674743
4827	0.5150568545
4828	0.5150476842
4829	0.5150392988
4830	0.5150300341
4831	0.5150183022
4832	0.5150090454
4833	0.5150006505
4834	0.5149900196
4835	0.5149794635
4836	0.5149693103
4837	0.5149595014
4838	0.5149499839
4839	0.5149401942
4840	0.5149292724
4841	0.5149193106
4842	0.5149104832
4843	0.5149029984
4844	0.5148935993
4845	0.5148821902
4846	0.5148080251
4847	0.5147979924
4848	0.5147887464
4849	0.5147801612
4850	0.5147704412
4851	0.514761016
4852	0.5147526689
4853	0.5147409745
4854	0.5147312489
4855	0.5147198938
4856	0.5147108699
4857	0.5147007587
4858	0.5146915953
4859	0.5146818716
4860	0.5146730313
4861	0.5146634898
4862	0.5146526311
4863	0.5146423674
4864	0.5146330601
4865	0.514624037
4866	0.5146142416
4867	0.5146051625
4868	0.5145951443
4869	0.5145692492
4870	0.5145585255
4871	0.5145492721
4872	0.5145396632
4873	0.5145288937
4874	0.5145183809
4875	0.514509307
4876	0.514500132
4877	0.5144913207
4878	0.5144820881
4879	0.5144729997
4880	0.5144632393
4881	0.5144540702
4882	0.5144445403
4883	0.5144342647
4884	0.514425323
4885	0.5144146207
4886	0.5143429761
4887	0.5143306796
4888	0.5143130785
4889	0.5143035383
4890	0.5142946784
4891	0.5142849441
4892	0.5142740444
4893	0.5142598972
4894	0.5142494794
4895	0.5142400418
4896	0.5142302114
4897	0.5142204825
4898	0.5142109432
4899	0.5142012246
4900	0.5141928244
4901	0.5141835635
4902	0.5141738709
4903	0.5141651543
4904	0.5141038103
4905	0.5140923106
4906	0.5140832789
4907	0.514074385
4908	0.5140648174
4909	0.5140547604
4910	0.5140461942
4911	0.5140370526
4912	0.5140284285
4913	0.5140187482
4914	0.5140088893
4915	0.514000222
4916	0.5139864913
4917	0.5139776172
4918	0.5139684094
4919	0.513959047
4920	0.513944565
4921	0.5139357963
4922	0.5139261984
4923	0.5139169685
4924	0.513908624
4925	0.5138993514
4926	0.5138905239
4927	0.5138765499
4928	0.5138681609
4929	0.5138593643
4930	0.5138499411
4931	0.5138372438
4932	0.5138278321
4933	0.5138177341
4934	0.5138087257
4935	0.5137996151
4936	0.5137897055
4937	0.5137804583
4938	0.5137693953
4939	0.5137603215
4940	0.5137498081
4941	0.5137402791
4942	0.5137293542
4943	0.5137102389
4944	0.5137005665
4945	0.5136393702
4946	0.5136300996
4947	0.5136214709
4948	0.5136119498
4949	0.5136024314
4950	0.5135939616
4951	0.5135842187
4952	0.51357499
4953	0.5135665882
4954	0.5135573186
4955	0.5135480088
4956	0.5135385828
4957	0.5135284409
4958	0.5135196304
4959	0.5135101499
4960	0.5135000661
4961	0.5134516071
4962	0.5134426432
4963	0.5133980125
4964	0.5133881278
4965	0.5133794791
4966	0.5133682951
4967	0.513360311
4968	0.513350656
4969	0.5133404394
4970	0.5133297796
4971	0.5133212924
4972	0.5133114382
4973	0.5133021688
4974	0.5132887854
4975	0.5132794393
4976	0.5132673357
4977	0.513257594
4978	0.513247764
4979	0.5131789351
4980	0.5131714701
4981	0.5131614807
4982	0.5131517613
4983	0.5130565339
4984	0.5130473675
4985	0.5130372721
4986	0.5130280601
4987	0.5130174054
4988	0.513008293
4989	0.5129982633
4990	0.512988925
4991	0.5129793421
4992	0.5129700629
4993	0.5129612544
4994	0.5129518992
4995	0.5129406136
4996	0.5129307462
4997	0.5129228402
4998	0.5129143743
4999	0.5129048183
5000	0.5128951765
5001	0.5128766191
5002	0.5128671819
5003	0.512858285
5004	0.5128490705
5005	0.5128389714
5006	0.5128278483
5007	0.5128192212
5008	0.5128101173
5009	0.5127995728
5010	0.5127903365
5011	0.5127800361
5012	0.5127709731
5013	0.5127621425
5014	0.5126542967
5015	0.5126452577
5016	0.5126357052
5017	0.5126278086
5018	0.5126166033
5019	0.5125979093
5020	0.5125896088
5021	0.5125809166
5022	0.5125717009
5023	0.5125618794
5024	0.5125435746
5025	0.5125341459
5026	0.5125248298
5027	0.5125157455
5028	0.5125058143
5029	0.5124976165
5030	0.5124828649
5031	0.5124728779
5032	0.5124550138
5033	0.5124458578
5034	0.5124360716
5035	0.5124272419
5036	0.512417432
5037	0.5124043717
5038	0.5123941727
5039	0.5123803158
5040	0.5123710478
5041	0.5123588907
5042	0.5123464471
5043	0.5123367957
5044	0.5123281114
5045	0.512314304
5046	0.5123049954
5047	0.5122953238
5048	0.5122856025
5049	0.5122755251
5050	0.5122648903
5051	0.512255836
5052	0.5122458286
5053	0.5122366454
5054	0.5122251244
5055	0.5122145331
5056	0.5122056068
5057	0.5121978593
5058	0.5121877936
5059	0.5121790933
5060	0.5121696661
5061	0.512160543
5062	0.5121523235
5063	0.5121395115
5064	0.512129854
5065	0.5121199319
5066	0.5121114664
5067	0.5121034303
5068	0.5120940236
5069	0.512083837
5070	0.5120726008
5071	0.512064556
5072	0.5120544052
5073	0.5120465334
5074	0.5120318222
5075	0.5120229417
5076	0.5120137161
5077	0.5120051877
5078	0.5119964474
5079	0.5119871347
5080	0.5119780961
5081	0.5119677337
5082	0.5119600149
5083	0.5119341651
5084	0.5119228446
5085	0.5119132662
5086	0.5119036047
5087	0.5118909537
5088	0.511881698
5089	0.5118723938
5090	0.5118635545
5091	0.5118541928
5092	0.5118446073
5093	0.5118361192
5094	0.5118266887
5095	0.5117872892
5096	0.5117792753
5097	0.5117707849
5098	0.5117619671
5099	0.5117528792
5100	0.5117429913
5101	0.5117252576
5102	0.5117153566
5103	0.5117069045
5104	0.5116991415
5105	0.5116904333
5106	0.5116804944
5107	0.5116713546
5108	0.5116619526
5109	0.5116535781
5110	0.5116445882
5111	0.5116348889
5112	0.5116252015
5113	0.5116150913
5114	0.5116054086
5115	0.5115970243
5116	0.5115873771
5117	0.5115779771
5118	0.5115703557
5119	0.5115607561
5120	0.5115509961
5121	0.5115408054
5122	0.5115318408
5123	0.5115221857
5124	0.5115136299
5125	0.5115044513
5126	0.5114936206
5127	0.5114843128
5128	0.5114745683
5129	0.5114661657
5130	0.511458988
5131	0.5114496961
5132	0.5113739266
5133	0.511364338
5134	0.5113544971
5135	0.5113456728
5136	0.5113386534
5137	0.5113293002
5138	0.5113196028
5139	0.5113108755
5140	0.5113033923
5141	0.5112940379
5142	0.5112840974
5143	0.5112739075
5144	0.5112644056
5145	0.5112547046
5146	0.5112453599
5147	0.5112360467
5148	0.511226773
5149	0.5112171006
5150	0.5112081536
5151	0.5111977619
5152	0.5111907875
5153	0.5111814308
5154	0.5111712591
5155	0.5111522097
5156	0.5111440698
5157	0.5111349219
5158	0.5111244656
5159	0.511114896
5160	0.5111060577
5161	0.5110958681
5162	0.5110864292
5163	0.5110779427
5164	0.5110681727
5165	0.5110588166
5166	0.5110494421
5167	0.5110395814
5168	0.5110300435
5169	0.511020651
5170	0.5110105205
5171	0.5110009248
5172	0.510991168
5173	0.5109825009
5174	0.5109736446
5175	0.510964223
5176	0.5109551324
5177	0.5109465326
5178	0.5109377447
5179	0.5109286742
5180	0.510912584
5181	0.510852271
5182	0.5108424818
5183	0.5108318038
5184	0.51080965
5185	0.5107310093
5186	0.5107224711
5187	0.5107058552
5188	0.5106955165
5189	0.5106749979
5190	0.5106658664
5191	0.5106572419
5192	0.5106469357
5193	0.5106366255
5194	0.5106266618
5195	0.5106183668
5196	0.5106094494
5197	0.5105992009
5198	0.5105878852
5199	0.5105788236
5200	0.5105710389
5201	0.5105618245
5202	0.5105529849
5203	0.5104978903
5204	0.5104759924
5205	0.5104658267
5206	0.5104561169
5207	0.5104466651
5208	0.5104380689
5209	0.5104297408
5210	0.5104192997
5211	0.5104098432
5212	0.5104010438
5213	0.5103929923
5214	0.5103841814
5215	0.5103743877
5216	0.5103660304
5217	0.5103587648
5218	0.5102992707
5219	0.5102903084
5220	0.5102811181
5221	0.5102692334
5222	0.5102587274
5223	0.5101761053
5224	0.5101661547
5225	0.5101567256
5226	0.5101483337
5227	0.5101391852
5228	0.5101309882
5229	0.5101213146
5230	0.5101123341
5231	0.5101011976
5232	0.5100930925
5233	0.510084515
5234	0.5100763572
5235	0.5100669028
5236	0.5100576187
5237	0.5100476417
5238	0.5100383767
5239	0.5100219872
5240	0.5100118761
5241	0.5100028941
5242	0.5099937239
5243	0.5099177858
5244	0.5099089027
5245	0.5098980715
5246	0.5098894694
5247	0.5098802952
5248	0.509871843
5249	0.5098631593
5250	0.509852729
5251	0.5098430555
5252	0.5098338371
5253	0.5098253522
5254	0.5098162416
5255	0.5098070386
5256	0.5097894651
5257	0.5097794641
5258	0.509770678
5259	0.5097612702
5260	0.5097525349
5261	0.5097334125
5262	0.5097153362
5263	0.5097044253
5264	0.5096879243
5265	0.5096781222
5266	0.5096689522
5267	0.5096597594
5268	0.5096501095
5269	0.5096403586
5270	0.5096306194
5271	0.5096209715
5272	0.5096121744
5273	0.5096021899
5274	0.5095935177
5275	0.5095837061
5276	0.509573612
5277	0.5095639573
5278	0.5095537223
5279	0.5095426864
5280	0.5095342038
5281	0.5095246957
5282	0.5095157902
5283	0.5095045166
5284	0.5094948932
5285	0.50948653
5286	0.5094777129
5287	0.5094687967
5288	0.5094590146
5289	0.5094503001
5290	0.509441135
5291	0.5094319492
5292	0.5094216106
5293	0.5094121545
5294	0.5094025561
5295	0.5093787015
5296	0.5093693356
5297	0.5093592816
5298	0.5093497743
5299	0.5093411342
5300	0.5093327448
5301	0.5093229385
5302	0.5093136215
5303	0.5093038548
5304	0.5092908732
5305	0.5092818025
5306	0.5092736692
5307	0.5092641573
5308	0.5091989561
5309	0.5091905647
5310	0.509182285
5311	0.5091721522
5312	0.5091627741
5313	0.5091535167
5314	0.5091428049
5315	0.5091334992
5316	0.5091218181
5317	0.5091118976
5318	0.5091020119
5319	0.5090866066
5320	0.5090776484
5321	0.5090688505
5322	0.5090594377
5323	0.5090374604
5324	0.509028205
5325	0.5090074967
5326	0.5089973679
5327	0.5089869507
5328	0.5089771462
5329	0.5089682678
5330	0.5089576144
5331	0.5089485803
5332	0.5089410451
5333	0.5089310207
5334	0.5089213063
5335	0.5089113585
5336	0.508899837
5337	0.5088906303
5338	0.5088804958
5339	0.5088718573
5340	0.5088624194
5341	0.508854063
5342	0.5088444824
5343	0.5088345129
5344	0.5088265061
5345	0.5088165151
5346	0.5088062708
5347	0.5087941387
5348	0.5087848048
5349	0.5087728984
5350	0.5087639241
5351	0.5087554674
5352	0.5087472144
5353	0.5087373098
5354	0.5087270707
5355	0.5087178102
5356	0.5087089843
5357	0.5087002144
5358	0.508692256
5359	0.5086825809
5360	0.5086742691
5361	0.5086651396
5362	0.508656763
5363	0.5086474483
5364	0.5086390663
5365	0.5086293906
5366	0.5086203865
5367	0.5086110678
5368	0.5086020678
5369	0.5085927407
5370	0.5085845981
5371	0.5085752725
5372	0.5085664465
5373	0.5085412852
5374	0.5085316441
5375	0.5085233472
5376	0.508513985
5377	0.5085049355
5378	0.5084915165
5379	0.5084821927
5380	0.5084669263
5381	0.5084575661
5382	0.5084486765
5383	0.5084402638
5384	0.5083716557
5385	0.5083619805
5386	0.5083519602
5387	0.5083419971
5388	0.5083335176
5389	0.5083248146
5390	0.5083163184
5391	0.5083065297
5392	0.5082977601
5393	0.5082877358
5394	0.5082764922
5395	0.5082658273
5396	0.5082567117
5397	0.5082489601
5398	0.5082313661
5399	0.5082220706
5400	0.5082137747
5401	0.5082039759
5402	0.5081953586
5403	0.5081863121
5404	0.508176331
5405	0.508167641
5406	0.5081594684
5407	0.5081501077
5408	0.5081411867
5409	0.5081326239
5410	0.5081222381
5411	0.5081136133
5412	0.5081038606
5413	0.5080941097
5414	0.5080852777
5415	0.5080761353
5416	0.50806633
5417	0.5080569115
5418	0.5080473988
5419	0.508038234
5420	0.5080287366
5421	0.5080181303
5422	0.5080091526
5423	0.5080003942
5424	0.5079894839
5425	0.5079801629
5426	0.507971618
5427	0.5079601203
5428	0.5079512052
5429	0.5079422561
5430	0.5079340346
5431	0.5079241024
5432	0.5079124948
5433	0.507903308
5434	0.5078945523
5435	0.5078849529
5436	0.507875988
5437	0.5078614031
5438	0.5078520413
5439	0.5078426961
5440	0.5078327215
5441	0.5078237667
5442	0.507814864
5443	0.5078046877
5444	0.5077950377
5445	0.5077855779
5446	0.5077692704
5447	0.507760835
5448	0.5077518055
5449	0.5077258454
5450	0.5077174599
5451	0.5077078006
5452	0.5076992296
5453	0.5076901263
5454	0.50768173
5455	0.5076734035
5456	0.5076649975
5457	0.5076557689
5458	0.507646492
5459	0.5076370587
5460	0.5076277653
5461	0.5076161995
5462	0.5076078835
5463	0.507598704
5464	0.5075893799
5465	0.507579606
5466	0.5075712066
5467	0.5075595743
5468	0.5075514131
5469	0.507542053
5470	0.5075335417
5471	0.5075247973
5472	0.5075167232
5473	0.507508158
5474	0.5074981228
5475	0.5074886864
5476	0.5074788851
5477	0.5074704686
5478	0.5074616133
5479	0.5074538659
5480	0.507444479
5481	0.5074356119
5482	0.5074274751
5483	0.5074183663
5484	0.5074096335
5485	0.5074002638
5486	0.5073909364
5487	0.5073548324
5488	0.5073470799
5489	0.5073359879
5490	0.507326457
5491	0.5073175012
5492	0.5073084794
5493	0.5073000028
5494	0.5072864662
5495	0.5072765581
5496	0.5072671082
5497	0.5072574773
5498	0.5072441412
5499	0.5072344417
5500	0.5072252388
5501	0.5072162514
5502	0.507208294
5503	0.5071989279
5504	0.5071884153
5505	0.5071798193
5506	0.5071699983
5507	0.5071616314
5508	0.50715311
5509	0.50714437
5510	0.5071356739
5511	0.5071257762
5512	0.5071160435
5513	0.5071070097
5514	0.5070988113
5515	0.5070894906
5516	0.5070808621
5517	0.5069897692
5518	0.5069805652
5519	0.506970866
5520	0.5069623675
5521	0.5069473634
5522	0.5068868466
5523	0.5068769049
5524	0.5068677555
5525	0.5068591606
5526	0.5068489363
5527	0.506839524
5528	0.5067409167
5529	0.5066951614
5530	0.5066873575
5531	0.5066784979
5532	0.5066677616
5533	0.5066573973
5534	0.5066487564
5535	0.5066384126
5536	0.5066288378
5537	0.5066197796
5538	0.5066084886
5539	0.5064919232
5540	0.506482973
5541	0.5064741427
5542	0.5064649367
5543	0.5064560763
5544	0.5064482472
5545	0.5064386666
5546	0.5064298425
5547	0.5064161975
5548	0.5064075963
5549	0.5063977983
5550	0.5063885676
5551	0.5063784448
5552	0.5063697791
5553	0.5063600911
5554	0.5063516607
5555	0.5063419498
5556	0.5063331187
5557	0.5063233795
5558	0.506313867
5559	0.5063027048
5560	0.5062936266
5561	0.5062840458
5562	0.5062751977
5563	0.5062179423
5564	0.5062061974
5565	0.5061873391
5566	0.5061778095
5567	0.5061691175
5568	0.5061595309
5569	0.5061517754
5570	0.506142083
5571	0.5061326344
5572	0.5061238481
5573	0.5061148992
5574	0.5061066262
5575	0.5060976359
5576	0.5060885751
5577	0.5060787752
5578	0.5060697496
5579	0.506061205
5580	0.5060520841
5581	0.5060436966
5582	0.5060349747
5583	0.5060247229
5584	0.5060160651
5585	0.5060065836
5586	0.5059976527
5587	0.5059888566
5588	0.5059802724
5589	0.5059714106
5590	0.5059632139
5591	0.5059540054
5592	0.5059454951
5593	0.5059353921
5594	0.5059261074
5595	0.5059170367
5596	0.5059035224
5597	0.5058938292
5598	0.5058846979
5599	0.5058754893
5600	0.5058671752
5601	0.5058585894
5602	0.5058476624
5603	0.5058289891
5604	0.5058207044
5605	0.5058104082
5606	0.5058006272
5607	0.5057917299
5608	0.5057836298
5609	0.5057744684
5610	0.5057667704
5611	0.5057569459
5612	0.5057471372
5613	0.5057380665
5614	0.5057290516
5615	0.5057199623
5616	0.5057110428
5617	0.5057030624
5618	0.5056952389
5619	0.5056855359
5620	0.505677269
5621	0.5056677683
5622	0.5056592454
5623	0.5056492825
5624	0.5056408034
5625	0.5056313325
5626	0.5056245144
5627	0.5056158258
5628	0.5055575826
5629	0.5055471571
5630	0.5055382499
5631	0.5055301145
5632	0.5055213942
5633	0.5055119067
5634	0.50550272
5635	0.5054933904
5636	0.5054848342
5637	0.5054741704
5638	0.5054656992
5639	0.5054570433
5640	0.5054382372
5641	0.5054305173
5642	0.5054184743
5643	0.5054083248
5644	0.5053989932
5645	0.5053895582
5646	0.5053813651
5647	0.5053728678
5648	0.5053642912
5649	0.5053553428
5650	0.5053468089
5651	0.505338136
5652	0.5053284443
5653	0.5053184067
5654	0.5053091963
5655	0.5052989474
5656	0.505290288
5657	0.5052821149
5658	0.5052718416
5659	0.505263332
5660	0.5052543593
5661	0.5052458363
5662	0.5052369043
5663	0.5052283769
5664	0.5052183769
5665	0.5052085069
5666	0.505199586
5667	0.5051884008
5668	0.5051789455
5669	0.5051653823
5670	0.5051569403
5671	0.5051385301
5672	0.5051292667
5673	0.5051198148
5674	0.5051109635
5675	0.5051016736
5676	0.5050920634
5677	0.5050834194
5678	0.5050737282
5679	0.5050641283
5680	0.5050533876
5681	0.5050448397
5682	0.5050361841
5683	0.505026701
5684	0.5050178863
5685	0.5050100726
5686	0.5050007926
5687	0.5049907053
5688	0.5049817369
5689	0.5049706417
5690	0.5049610383
5691	0.504951216
5692	0.5049407474
5693	0.5049311697
5694	0.5049207091
5695	0.5049114389
5696	0.5049033092
5697	0.5048942444
5698	0.5048843642
5699	0.5048750723
5700	0.5048665555
5701	0.5048580236
5702	0.5048465096
5703	0.5048361735
5704	0.5048261499
5705	0.5048173448
5706	0.5048082071
5707	0.5047995652
5708	0.5047914769
5709	0.5047830292
5710	0.5047750384
5711	0.5047664006
5712	0.5047576056
5713	0.5047480678
5714	0.5047388844
5715	0.504730342
5716	0.5047202018
5717	0.5047113431
5718	0.5047010321
5719	0.5046796935
5720	0.5046699773
5721	0.5046612929
5722	0.5046521317
5723	0.5046433131
5724	0.5046348292
5725	0.5046263976
5726	0.5046177384
5727	0.5046080978
5728	0.5046002629
5729	0.5045916681
5730	0.5045819812
5731	0.5045723622
5732	0.5045635554
5733	0.5045542981
5734	0.5045311284
5735	0.5045203322
5736	0.5045110175
5737	0.5045035642
5738	0.5044949542
5739	0.5044821478
5740	0.5044697965
5741	0.5044604579
5742	0.5044511558
5743	0.5044419819
5744	0.504433479
5745	0.5044229374
5746	0.5044135404
5747	0.5044045592
5748	0.5043966625
5749	0.5043867691
5750	0.5043781967
5751	0.5043692659
5752	0.5043599742
5753	0.5042773913
5754	0.5042648955
5755	0.5042563561
5756	0.5042471838
5757	0.5042385413
5758	0.5042296111
5759	0.5042202324
5760	0.5042122028
5761	0.5042025
5762	0.5041938061
5763	0.5041839955
5764	0.5041743945
5765	0.5041663106
5766	0.504156045
5767	0.5041480747
5768	0.5041385326
5769	0.5041300039
5770	0.5041173995
5771	0.5041039116
5772	0.5040949644
5773	0.5040870719
5774	0.5040671221
5775	0.5040579884
5776	0.504049484
5777	0.5040411928
5778	0.5040321637
5779	0.5040232703
5780	0.5040147896
5781	0.5040052651
5782	0.5039983978
5783	0.5039889663
5784	0.5039804544
5785	0.5039709999
5786	0.5039607376
5787	0.5039521828
5788	0.5039431211
5789	0.5039331298
5790	0.5039242235
5791	0.5039152579
5792	0.5038225374
5793	0.5038139146
5794	0.5038047915
5795	0.5037949799
5796	0.5037861381
5797	0.503777655
5798	0.5037680719
5799	0.5037582411
5800	0.503749951
5801	0.5037407093
5802	0.5037315259
5803	0.5037226619
5804	0.503713713
5805	0.5037046759
5806	0.5036964218
5807	0.5036880747
5808	0.5036792801
5809	0.5036700631
5810	0.5036615252
5811	0.5036452545
5812	0.5036360074
5813	0.5036259693
5814	0.503617444
5815	0.5036081517
5816	0.5035999921
5817	0.5035914626
5818	0.5035829053
5819	0.5035730664
5820	0.5035646949
5821	0.5035553959
5822	0.5035462897
5823	0.5035371132
5824	0.5035288878
5825	0.5035199712
5826	0.5035113474
5827	0.5035011359
5828	0.5034921251
5829	0.503481036
5830	0.5034711064
5831	0.5034605415
5832	0.5034514371
5833	0.5034418146
5834	0.5034330592
5835	0.5034239203
5836	0.503414436
5837	0.50340584
5838	0.5033969102
5839	0.503387552
5840	0.5033785709
5841	0.5033691876
5842	0.5033606768
5843	0.503351833
5844	0.5033436792
5845	0.5033341473
5846	0.5033231411
5847	0.5033137943
5848	0.5033052334
5849	0.5032956763
5850	0.5032849
5851	0.5032767762
5852	0.5032667184
5853	0.5032582446
5854	0.5032490975
5855	0.5032406572
5856	0.5032323047
5857	0.5032232698
5858	0.5032151198
5859	0.5032068649
5860	0.5031988632
5861	0.5031900021
5862	0.5031806091
5863	0.5031710113
5864	0.5031625895
5865	0.5031528264
5866	0.5031436636
5867	0.5031343721
5868	0.5031246767
5869	0.5031159377
5870	0.5031070001
5871	0.5030972119
5872	0.5030888876
5873	0.5030793852
5874	0.5030700397
5875	0.5030609467
5876	0.5030523724
5877	0.5030441924
5878	0.5030353681
5879	0.5030170696
5880	0.503002485
5881	0.5029922833
5882	0.5029828047
5883	0.5029755102
5884	0.5029668404
5885	0.502957185
5886	0.5029486386
5887	0.5029408197
5888	0.5029323037
5889	0.502923078
5890	0.5029153711
5891	0.502906333
5892	0.5028973967
5893	0.5028357631
5894	0.5028275458
5895	0.5028183723
5896	0.5028097114
5897	0.5027998974
5898	0.5027898262
5899	0.5027805313
5900	0.5027697064
5901	0.5027614989
5902	0.5027531188
5903	0.5027443138
5904	0.5027345176
5905	0.5027248907
5906	0.5027165022
5907	0.5027045987
5908	0.5026966862
5909	0.5026879989
5910	0.5026784428
5911	0.5026689602
5912	0.5026600049
5913	0.5026506928
5914	0.5026424636
5915	0.5026333151
5916	0.5026234337
5917	0.5026142263
5918	0.5026058253
5919	0.5025966606
5920	0.5025871132
5921	0.5025780312
5922	0.5025697556
5923	0.5025603985
5924	0.5025519962
5925	0.5025431318
5926	0.502535181
5927	0.5025243956
5928	0.5025157738
5929	0.5025063391
5930	0.5024966927
5931	0.5024879529
5932	0.502479605
5933	0.5024710119
5934	0.5024621746
5935	0.5024485443
5936	0.5024392751
5937	0.5024300848
5938	0.5024217767
5939	0.5024124409
5940	0.5024042423
5941	0.502395986
5942	0.5023863705
5943	0.502378881
5944	0.502369489
5945	0.5023606878
5946	0.5023520688
5947	0.5023439328
5948	0.5023350065
5949	0.5023251617
5950	0.5023154182
5951	0.5023059913
5952	0.502297928
5953	0.5022884762
5954	0.5022795581
5955	0.5022707435
5956	0.502262338
5957	0.5022517668
5958	0.5022421554
5959	0.5022322636
5960	0.5022238943
5961	0.5022140461
5962	0.502206582
5963	0.5021971149
5964	0.5021797579
5965	0.5021697245
5966	0.5021600756
5967	0.5021520005
5968	0.5021426171
5969	0.5020799617
5970	0.5020603447
5971	0.5020503285
5972	0.5020407586
5973	0.5020316665
5974	0.5020226609
5975	0.5020135901
5976	0.5020056779
5977	0.5019973131
5978	0.5019882122
5979	0.5019790289
5980	0.5019671041
5981	0.5019561906
5982	0.5019475679
5983	0.501931394
5984	0.5019225789
5985	0.5019075501
5986	0.5018991517
5987	0.5018906566
5988	0.5018814739
5989	0.5018627824
5990	0.5018530575
5991	0.5018420892
5992	0.5018336122
5993	0.5018250278
5994	0.5018143827
5995	0.5018060878
5996	0.5017972398
5997	0.5017889602
5998	0.5017801671
5999	0.5017712749
6000	0.5017632137
6001	0.5017547248
6002	0.5017459033
6003	0.5017377986
6004	0.5017279879
6005	0.5017178807
6006	0.5017103377
6007	0.5017016766
6008	0.501693411
6009	0.5016848084
6010	0.5016754197
6011	0.501665803
6012	0.5016548633
6013	0.5016164832
6014	0.501598488
6015	0.5015799154
6016	0.5015706139
6017	0.5015614066
6018	0.5015523149
6019	0.501541133
6020	0.5015322299
6021	0.5015229809
6022	0.5015143173
6023	0.5015053537
6024	0.5014961367
6025	0.5014314721
6026	0.5014223371
6027	0.501412194
6028	0.501402876
6029	0.5013949705
6030	0.5013850791
6031	0.5013757991
6032	0.5013666116
6033	0.5013575704
6034	0.5013482254
6035	0.5013400912
6036	0.5013311061
6037	0.5013212208
6038	0.501312987
6039	0.5013043505
6040	0.5012925799
6041	0.5012827992
6042	0.5012733408
6043	0.5012646024
6044	0.5012563464
6045	0.5012468126
6046	0.5012384826
6047	0.5012297793
6048	0.501219721
6049	0.5012100124
6050	0.5012005757
6051	0.5011912277
6052	0.5011819097
6053	0.5011737719
6054	0.5011542205
6055	0.5011455087
6056	0.5011386329
6057	0.5011294745
6058	0.5011205402
6059	0.5011119599
6060	0.5011019205
6061	0.5010931331
6062	0.5010845769
6063	0.5010763866
6064	0.5010672774
6065	0.5010588665
6066	0.5010494484
6067	0.501039469
6068	0.5010301835
6069	0.5010209355
6070	0.5010114499
6071	0.5009940909
6072	0.50098497
6073	0.5009767098
6074	0.5009678852
6075	0.500959026
6076	0.5009497367
6077	0.5009402012
6078	0.5009316588
6079	0.5009223527
6080	0.5009123087
6081	0.5009017338
6082	0.5008929168
6083	0.5008813283
6084	0.5008732226
6085	0.5008655909
6086	0.5008568285
6087	0.5008474265
6088	0.5008396108
6089	0.5008312136
6090	0.5008224973
6091	0.5008146692
6092	0.5008063768
6093	0.5007972605
6094	0.5007884733
6095	0.5007789901
6096	0.5007699867
6097	0.5007607716
6098	0.5007508487
6099	0.5007413525
6100	0.5007326849
6101	0.5007224986
6102	0.5007139062
6103	0.5007047049
6104	0.5006957121
6105	0.5006807255
6106	0.5006721711
6107	0.5006630406
6108	0.5006536673
6109	0.5006449261
6110	0.5006354755
6111	0.5006265066
6112	0.500616527
6113	0.5006082616
6114	0.5005949013
6115	0.5005864648
6116	0.5005774779
6117	0.5005693833
6118	0.5005598753
6119	0.5005512208
6120	0.5005360663
6121	0.5005267993
6122	0.5005174731
6123	0.5005090925
6124	0.5005003096
6125	0.5004928848
6126	0.5004836254
6127	0.5004740728
6128	0.5004644634
6129	0.5004560027
6130	0.5004473476
6131	0.5004392247
6132	0.5004306895
6133	0.5004222599
6134	0.5004135966
6135	0.5004026437
6136	0.5003947009
6137	0.5003851549
6138	0.5003771326
6139	0.500367693
6140	0.5003584428
6141	0.5003504204
6142	0.5003407361
6143	0.5003324592
6144	0.5003231281
6145	0.5003142152
6146	0.5003058275
6147	0.5002973925
6148	0.5002880543
6149	0.5002786787
6150	0.5002692148
6151	0.5002194835
6152	0.5002095915
6153	0.5001581404
6154	0.5001501442
6155	0.5001412091
6156	0.5001323206
6157	0.5001224528
6158	0.5001125927
6159	0.500103807
6160	0.5000952533
6161	0.5000864672
6162	0.5000783639
6163	0.500069254
6164	0.5000611838
6165	0.5000521237
6166	0.5000436259
6167	0.5000332035
6168	0.5000240128
6169	0.5000158317
6170	0.5000073457
6171	0.4999980144
6172	0.4999899348
6173	0.499981372
6174	0.4999731795
6175	0.4999645678
6176	0.4999547547
6177	0.4999457217
6178	0.4999372601
6179	0.4999252231
6180	0.4999126106
6181	0.4999043438
6182	0.4998955985
6183	0.4998858873
6184	0.4998776646
6185	0.499859365
6186	0.4998510467
6187	0.4998417489
6188	0.4998343158
6189	0.4998240906
6190	0.499815852
6191	0.4998076641
6192	0.4997993897
6193	0.499789712
6194	0.4997817868
6195	0.4997740723
6196	0.4997645052
6197	0.4996807478
6198	0.4996721667
6199	0.49966282
6200	0.4996535
6201	0.4996450649
6202	0.4996364084
6203	0.4996278535
6204	0.4996183235
6205	0.4996104888
6206	0.4996021949
6207	0.4995932499
6208	0.4995847989
6209	0.4995766622
6210	0.4995664658
6211	0.4995557727
6212	0.4995039439
6213	0.4994871596
6214	0.4994778613
6215	0.4994681314
6216	0.4994595645
6217	0.4994506042
6218	0.4994420827
6219	0.4994328766
6220	0.4994243124
6221	0.4994119767
6222	0.4994035559
6223	0.4993945515
6224	0.4993875179
6225	0.499378148
6226	0.4993674282
6227	0.4993586183
6228	0.4993491661
6229	0.4993410986
6230	0.4993342744
6231	0.4993259801
6232	0.4993172211
6233	0.4993088183
6234	0.4992993445
6235	0.4992900508
6236	0.4992815837
6237	0.4992734489
6238	0.4992649592
6239	0.4992551162
6240	0.4992459716
6241	0.4992373626
6242	0.4992300285
6243	0.4992209117
6244	0.4992126363
6245	0.4992039557
6246	0.4991936482
6247	0.4991849986
6248	0.4991755219
6249	0.4991208679
6250	0.4991115029
6251	0.4991003036
6252	0.4990926253
6253	0.499083098
6254	0.4990743593
6255	0.4990642499
6256	0.499056159
6257	0.4990476228
6258	0.4990385361
6259	0.4990306785
6260	0.4990219251
6261	0.4990130688
6262	0.4989979215
6263	0.4989888863
6264	0.4989795745
6265	0.4989658569
6266	0.4989570834
6267	0.4989489109
6268	0.4989358811
6269	0.4989265042
6270	0.4989179723
6271	0.4988950106
6272	0.498887727
6273	0.4988782756
6274	0.4988697227
6275	0.4988614395
6276	0.4988518833
6277	0.4988434606
6278	0.4988339286
6279	0.4988259168
6280	0.4988150334
6281	0.4988059912
6282	0.4987916839
6283	0.4987824286
6284	0.498761957
6285	0.4987517181
6286	0.498742139
6287	0.4987283911
6288	0.4987191875
6289	0.4987099956
6290	0.4987014661
6291	0.4986922274
6292	0.498684564
6293	0.4986429323
6294	0.4986344739
6295	0.4986240095
6296	0.4986140124
6297	0.4986055823
6298	0.4985968993
6299	0.4985877834
6300	0.498578903
6301	0.4985698805
6302	0.4985607797
6303	0.4985441559
6304	0.4985359305
6305	0.4985275419
6306	0.4985182719
6307	0.498508823
6308	0.4984998521
6309	0.4984919664
6310	0.4984824033
6311	0.4984738118
6312	0.4984650738
6313	0.4984556071
6314	0.4983816786
6315	0.4983693413
6316	0.4983588812
6317	0.4983495138
6318	0.4983419103
6319	0.4983344655
6320	0.4983245768
6321	0.4983144084
6322	0.4983046633
6323	0.4982973372
6324	0.498287912
6325	0.4982794629
6326	0.4982699829
6327	0.4982576656
6328	0.4982490169
6329	0.4982410426
6330	0.4982271657
6331	0.498218789
6332	0.4982094222
6333	0.4982003173
6334	0.4981918573
6335	0.4981828361
6336	0.498174233
6337	0.4981665038
6338	0.4981577522
6339	0.4981455763
6340	0.4980741459
6341	0.4980654825
6342	0.4980564541
6343	0.4980439312
6344	0.4980357337
6345	0.4980257587
6346	0.4980151227
6347	0.4980065511
6348	0.4979985315
6349	0.497989973
6350	0.4979812195
6351	0.497969957
6352	0.4979441934
6353	0.4979356602
6354	0.4979277489
6355	0.4979187687
6356	0.4979003541
6357	0.497890966
6358	0.4978825175
6359	0.4978731995
6360	0.4978641531
6361	0.497856035
6362	0.4978483202
6363	0.4978398636
6364	0.4978306851
6365	0.4978213993
6366	0.4978127486
6367	0.4978039169
6368	0.4977948366
6369	0.4977864715
6370	0.4977774171
6371	0.4977678258
6372	0.4977591215
6373	0.4977498722
6374	0.4977413621
6375	0.497731983
6376	0.4977235785
6377	0.4977148393
6378	0.4977064701
6379	0.4976970925
6380	0.497688647
6381	0.4976799538
6382	0.4976715089
6383	0.4976607395
6384	0.497651491
6385	0.4976429376
6386	0.4975166831
6387	0.4975087791
6388	0.4975008083
6389	0.4974924435
6390	0.4974833411
6391	0.4974747982
6392	0.4974651391
6393	0.4974572307
6394	0.497449154
6395	0.497439885
6396	0.4974319032
6397	0.4974237851
6398	0.4974147982
6399	0.4974060184
